Year,Jan,Feb,Mar,Apr,May,Jun,Jul,Aug,Sep,Oct,Nov,Dec
1910,0.19,0.37,-0.71,0.07,-0.10,-1.08,-1.61,0.04,-0.48,-0.56,-0.71,-0.15
1911,0.08,-0.14,0.70,1.08,0.13,0.20,0.17,0.64,0.70,0.33,0.49,-0.26
1912,1.31,-0.08,-0.32,1.07,1.79,-0.21,-0.64,0.41,0.87,0.58,-0.26,0.65
1913,0.25,-0.39,-1.07,0.32,0.13,0.41,0.82,0.95,1.02,0.35,1.23,0.12
1914,-0.03,1.25,0.21,0.77,-0.55,0.35,-0.29,1.02,0.91,0.86,-1.57,-1.30
1915,-0.08,0.02,1.29,0.45,-0.50,-0.69,-0.52,1.02,0.41,0.65,1.17,0.16
1916,-0.05,0.70,0.98,0.52,0.97,-1.35,-1.52,-0.39,-0.35,-1.74,-1.35,-0.91
1917,-0.92,-0.49,-0.57,0.38,0.62,-0.19,0.08,-0.53,-0.34,-0.91,-1.01,-0.52
1918,-0.91,-0.83,0.94,0.30,0.30,1.59,0.39,-0.94,1.79,0.97,0.84,0.92
1919,0.41,-0.50,1.13,-0.63,-0.88,0.23,1.70,0.77,1.22,1.25,-0.02,-0.17
1920,-0.55,1.14,1.45,-1.12,0.16,-1.30,-1.56,-1.62,-1.36,-0.09,-0.94,-0.49
1921,0.11,-0.42,-1.26,0.86,-1.12,-1.32,-0.11,-0.37,-0.42,0.22,0.30,-0.78
1922,0.74,-0.20,0.99,0.74,0.51,-0.19,0.09,1.77,1.20,0.45,1.50,-1.05
1923,0.69,1.39,0.63,-0.13,1.01,-1.13,-0.50,0.53,1.51,0.57,1.49,-0.75
1924,1.00,-0.07,0.67,0.60,1.32,0.37,0.99,0.87,-0.46,-0.26,-0.58,0.35
1925,-0.82,-0.12,0.04,1.01,0.19,1.05,-0.46,0.00,0.66,1.63,0.24,0.55
1926,0.18,1.51,-0.87,0.17,-0.85,0.59,0.71,0.84,0.54,1.72,1.09,-0.24
1927,0.08,1.01,-0.33,1.40,1.53,-0.15,0.24,1.33,0.50,0.19,0.65,-0.30
1928,0.57,0.08,0.32,0.24,1.50,-0.35,0.45,1.57,1.20,0.04,1.15,0.10
1929,0.56,0.36,-1.04,1.40,1.35,0.07,1.03,0.09,1.09,0.50,0.09,0.32
1930,0.32,-0.11,0.36,0.32,0.28,-0.55,-0.31,-0.31,0.66,-1.29,0.29,-0.77
1931,0.55,1.83,-0.57,-0.52,-1.38,-1.45,-0.61,0.40,0.42,0.90,-0.10,0.89
1932,1.25,1.03,0.22,0.13,-0.61,-0.37,0.83,-0.17,0.35,-0.85,0.50,0.31
1933,0.94,1.50,0.06,0.45,-0.37,0.20,-1.24,-1.18,-1.07,0.75,-0.53,-0.80
1934,0.28,0.21,-0.40,-1.03,1.02,0.02,-0.79,-0.30,0.19,-0.13,-1.05,0.76
1935,0.14,1.07,-0.53,0.22,2.17,0.51,0.07,-0.02,-0.17,-0.26,0.29,0.76
1936,-0.07,-0.08,0.28,1.10,1.33,-0.21,-0.89,0.29,1.09,0.32,0.57,-0.67
1937,-0.98,0.57,0.34,1.23,1.59,0.08,0.80,0.02,0.76,0.67,-0.18,-0.10
1938,-0.34,-0.32,1.48,1.49,1.04,-1.31,-1.53,-0.11,1.56,0.75,-0.01,0.96
1939,-0.56,-0.55,-0.70,-0.76,0.65,-1.20,-2.08,-0.31,1.13,0.01,-0.76,1.12
1940,-0.21,0.43,1.46,-0.06,1.60,1.08,1.67,1.33,0.88,0.69,0.58,0.15
1941,-1.02,0.56,-1.31,-0.67,-0.25,-1.27,0.40,1.11,0.40,-0.44,-0.31,0.22
1942,-0.20,-0.37,0.41,0.46,-0.96,-0.89,-0.33,0.79,0.87,0.09,0.56,-0.87
1943,0.92,0.08,0.92,-0.37,0.86,1.34,0.57,-0.12,0.48,0.14,0.32,0.81
1944,1.38,0.09,0.96,1.13,1.61,0.57,0.00,0.71,0.70,1.04,0.88,-0.02
1945,0.49,0.37,0.45,1.25,0.74,-0.15,-0.23,-0.51,0.23,-0.16,0.66,0.08
1946,-0.40,-1.15,1.12,2.27,1.86,1.29,1.03,1.87,1.07,1.93,0.49,0.04
1947,1.17,-1.27,-1.32,0.58,1.28,1.02,-0.07,-1.48,-1.52,-1.16,-0.43,0.19
1948,1.43,0.07,0.80,-0.26,1.24,0.87,0.09,1.24,1.71,1.53,0.71,0.18
1949,0.89,-0.89,-1.00,1.24,-0.36,0.58,1.36,1.17,-0.15,-0.69,-0.39,0.43
1950,0.54,-0.38,-0.49,0.50,-0.30,-1.15,-0.74,0.39,0.44,-1.18,-0.55,-0.74
1951,-0.31,0.31,1.53,0.68,0.96,-1.23,0.04,0.32,1.08,0.89,1.95,1.16
1952,1.01,0.89,1.38,-0.56,-0.42,1.24,-0.34,0.08,0.57,-0.58,0.15,0.50
1953,-0.15,0.13,1.08,-0.04,1.03,0.90,1.43,-0.07,0.66,0.37,0.32,0.39
1954,-0.26,0.52,2.25,-1.09,0.41,-0.47,0.01,-0.13,0.75,-1.05,0.15,0.21
1955,0.20,-1.02,-0.96,-0.94,-1.35,-2.58,-1.81,-0.80,-0.57,-0.81,0.42,0.77
1956,0.96,-0.61,-0.75,-0.57,-1.09,-1.42,-1.79,-0.09,0.06,-0.34,0.33,0.64
1957,0.79,0.34,0.68,0.94,2.09,-0.69,-0.93,0.66,1.79,1.05,1.67,0.03
1958,0.51,0.95,-0.07,0.44,-0.32,-0.37,-0.37,-1.00,-0.18,0.09,-0.24,0.12
1959,0.03,0.43,0.04,0.06,-0.34,0.06,-0.39,0.77,-0.76,-0.05,0.26,-0.22
1960,-0.15,-0.97,0.39,-0.31,-1.06,0.46,-0.59,0.57,-0.31,0.76,0.81,-0.26
1961,0.34,0.20,1.21,-1.13,1.33,1.07,0.60,0.64,0.57,1.10,-0.27,0.44
1962,-1.15,0.12,0.14,0.82,0.64,-0.01,-0.62,0.43,0.22,-0.42,1.09,-0.44
1963,-0.96,-0.06,-0.76,-0.75,-1.30,-1.03,-0.36,0.00,0.79,0.27,0.06,-0.08
1964,0.21,0.74,1.05,-0.47,0.17,0.10,0.55,0.58,-1.28,-0.98,-0.42,0.31
1965,1.25,1.99,0.19,1.31,0.93,-0.20,0.38,-0.60,0.03,-0.25,-0.12,-0.89
1966,-0.78,0.22,1.22,0.22,0.73,-0.33,-0.25,-1.17,-0.35,-0.33,-0.09,-0.28
1967,0.00,-1.22,-0.51,1.01,0.36,-0.26,0.63,0.66,1.50,0.64,0.35,-0.04
1968,-0.54,-0.41,-0.93,0.00,-2.50,-1.37,-1.82,-0.68,-0.48,0.67,0.73,0.51
1969,0.96,-0.61,-0.27,1.56,-0.12,0.48,-0.04,0.96,0.12,0.09,1.20,0.12
1970,1.05,0.72,0.99,0.23,-0.30,1.19,2.10,0.79,-0.63,0.47,-0.14,-0.28
1971,0.51,-0.07,-1.47,-0.73,1.06,0.31,0.70,-0.55,0.08,0.39,-0.65,-0.09
1972,0.29,0.24,0.56,1.27,0.96,0.84,0.90,-0.25,0.60,0.70,-0.08,0.97
1973,-0.55,-0.91,-0.42,-0.81,-0.30,-1.79,-1.56,-1.53,-0.72,-0.46,-1.03,-0.86
1974,-2.84,-1.27,-0.92,-2.03,-0.96,0.79,0.62,-0.29,-1.31,-0.82,0.37,0.79
1975,1.19,-0.91,-0.18,0.19,2.06,0.77,0.13,0.01,-1.40,-1.95,-0.02,-1.25
1976,-1.17,-1.49,0.12,1.00,1.94,1.67,1.44,1.61,0.92,-1.44,0.20,0.93
1977,0.71,-0.19,-0.42,0.16,-0.53,0.32,1.65,2.26,0.27,0.80,0.10,0.05
1978,-0.38,0.56,0.48,1.70,-0.91,-1.28,-1.55,-1.80,-0.99,-0.36,-0.28,0.26
1979,0.39,-0.40,0.35,-0.18,-1.38,0.62,1.39,-0.30,-0.92,0.71,0.57,0.77
1980,0.23,-0.01,1.36,0.00,-0.06,-0.36,-0.53,0.73,2.11,-0.01,0.79,0.44
1981,-1.11,-1.08,0.94,1.32,-0.38,-0.67,-0.75,-0.14,0.21,0.74,-1.35,0.19
1982,-0.17,-0.42,-1.36,0.45,1.49,1.28,1.50,1.25,-0.52,1.30,1.08,0.24
1983,0.89,0.93,-1.55,-2.17,-0.52,0.16,0.05,-0.32,0.12,-0.38,-0.92,-0.50
1984,-1.39,0.38,-0.20,0.10,0.65,1.21,-1.50,-0.03,-0.84,-0.15,0.33,-0.01
1985,1.76,0.49,0.02,0.11,0.51,0.48,0.63,-0.33,0.30,-0.89,-0.83,0.12
1986,0.45,1.03,1.57,0.54,0.42,-1.08,-2.42,-0.84,-0.62,-0.84,0.34,0.50
1987,-0.06,-1.05,0.54,0.55,-0.33,-0.98,0.60,-0.18,0.53,0.27,-0.49,-0.61
1988,0.76,0.98,0.00,-1.21,-1.46,0.53,-0.28,-0.48,0.27,0.98,-0.62,-1.56
1989,0.18,1.06,-1.78,-1.88,-1.40,-1.45,-1.00,0.33,1.12,0.26,-0.59,0.24
1990,-0.01,0.49,0.29,-1.04,-0.81,-1.03,-0.91,-0.52,0.29,0.00,0.83,0.09
1991,-0.86,-0.04,0.99,0.63,0.87,-0.77,0.09,0.61,0.75,1.01,-0.43,0.12
1992,0.59,-0.49,0.29,-1.36,-1.66,-0.43,1.08,-0.98,-1.40,-0.60,-0.28,-0.89
1993,-0.11,-0.76,0.70,0.87,-0.86,-1.27,-0.84,-0.08,-1.15,-0.68,-0.02,-1.18
1994,1.06,-1.11,1.04,1.69,2.36,0.99,1.84,1.46,1.26,0.72,0.08,0.09
1995,-0.74,-0.91,0.14,0.15,-1.05,-0.87,-0.33,0.61,-0.44,-0.32,-0.51,-0.58
1996,0.41,1.33,0.39,0.19,0.97,-0.72,-0.85,-0.84,0.56,-0.41,0.60,-0.51
1997,-0.63,-1.20,0.64,1.61,-1.55,0.13,0.32,0.00,-0.44,-0.12,0.27,-0.31
1998,0.01,1.28,0.81,-0.89,0.07,-0.89,-2.65,-0.76,-1.44,-1.20,-0.92,-0.81
1999,-0.28,-0.61,-0.90,-0.03,1.04,0.43,0.43,0.45,0.34,-0.77,-1.41,-1.51
2000,-0.49,-1.57,-1.71,-2.48,-0.60,0.28,0.87,0.72,1.44,-1.00,-1.13,-1.10
2001,0.16,-0.97,-0.56,1.14,1.45,0.58,0.01,1.40,0.08,-0.78,-0.56,-0.70
2002,0.64,-0.52,1.55,1.39,1.72,1.62,2.82,1.75,0.90,2.05,0.48,0.68
2003,0.39,-0.82,0.55,0.21,0.63,0.49,0.64,-0.49,0.37,0.21,0.14,-0.49
2004,0.04,-0.48,0.30,0.61,-0.33,0.42,0.05,0.66,0.49,0.91,-0.01,0.00
2005,0.79,1.78,1.21,0.91,1.31,-0.87,-0.58,-0.36,-0.53,-0.40,-0.04,0.57
2006,-1.26,-0.10,-0.76,-0.97,1.19,1.24,0.05,2.04,0.61,0.65,1.13,-0.15
2007,-0.60,0.98,-0.77,0.83,0.14,-0.88,0.76,0.83,1.33,0.70,-0.03,-0.97
2008,0.11,-0.93,0.88,1.48,2.47,-0.21,0.72,0.03,0.07,0.41,-1.23,-0.68
2009,-0.33,-0.12,1.30,0.21,0.25,0.11,0.01,1.41,0.58,0.84,0.56,0.16
2010,0.04,-0.41,-0.40,-0.88,-0.09,-0.03,-1.49,-0.96,-2.31,-1.45,-0.95,-1.09
2011,-0.50,-1.71,-2.34,0.13,0.36,0.92,0.01,1.53,1.40,-0.74,-0.49,-0.64
2012,-0.47,0.69,-0.83,0.58,1.86,0.61,0.82,2.41,1.59,1.57,0.71,0.34
2013,1.08,0.71,-0.12,1.05,-0.52,-1.33,0.10,2.00,1.17,1.32,0.36,0.41
2014,0.23,-0.48,0.67,-0.31,-0.06,0.17,1.18,1.20,1.51,1.65,0.65,-0.03
2015,-0.74,1.45,0.70,-0.54,0.52,0.00,0.00,0.19,1.20,1.13,0.31,-0.37
2016,-0.55,1.17,-0.49,0.84,-0.29,-1.87,-1.27,-0.47,-1.82,0.49,0.99,-0.50
2017,-0.87,0.37,0.56,0.46,1.73,1.73,1.58,1.45,1.47,-0.23,-0.07,0.23
2018,0.22,0.13,0.54,1.70,1.45,1.03,1.95,1.45,1.43,0.04,-0.30,0.56
2019,0.85,1.42,0.48,0.28,0.81,0.60,1.27,0.99,2.07,1.49,1.69,1.86
2020,-0.02,-0.49,-0.18,0.06,0.51,1.24,1.14,0.40,0.09,-0.27,0.75,-1.23
2021,-0.43,-0.45,-0.40,1.24,1.09,-0.56,0.35,0.77,0.59,0.24,-1.17,0.55
2022,-0.37,0.62,0.65,-0.27,-1.09,-0.39,0.76,-0.07,-1.38,-1.60,-0.99,-0.30
2023,-0.64,0.69,0.45,-0.14,1.99,0.26,0.08,1.54,1.87,1.66,-0.06,0.61
2024,-0.57,0.56,-1.39,0.12,0.80,0.36,-0.19,1.00,-0.01,0.56,-0.51,0.01
2025,1.45,0.96,-0.20,-0.44,0.51,1.02,0.78,0.38,0.67,0.57,-0.15,0.49
2026,0.81,,,,,,,,,,,
