date,Battery (Charging) -  GWh,Pumps -  GWh,Coal -  GWh,Bioenergy -  GWh,Distillate -  GWh,Gas -  GWh,Battery (Discharging) -  GWh,Hydro -  GWh,Wind -  GWh,Solar -  GWh,Wind (Curtailment) -  GWh,Solar (Curtailment) -  GWh,Coal Emissions Vol - tCO₂e,Bioenergy Emissions Vol - tCO₂e,Distillate Emissions Vol - tCO₂e,Gas Emissions Vol - tCO₂e,Emissions Intensity - kgCO₂e/MWh,Volume Weighted Price - AUD/MWh,Battery (Charging) Market Value - AUD,Pumps Market Value - AUD,Coal Market Value - AUD,Bioenergy Market Value - AUD,Distillate Market Value - AUD,Gas Market Value - AUD,Battery (Discharging) Market Value - AUD,Hydro Market Value - AUD,Wind Market Value - AUD,Solar Market Value - AUD
1998-12-01,0.00,-24.36,9750.46,0.00,15.22,476.83,0.00,548.71,0.00,0.00,0.00,0.00,10126848.55,0.00,15999.76,310504.86,970.88,24.68,0.00,0.00,0.00,0.00,0.00,0.00,0.00,0.00,0.00,0.00
1999-01-01,0.00,-42.41,12498.77,0.00,3.58,674.53,0.00,723.98,0.00,0.00,0.00,0.00,13069064.07,0.00,3755.77,438539.38,974.95,18.45,0.00,0.00,0.00,0.00,0.00,0.00,0.00,0.00,0.00,0.00
1999-02-01,0.00,-21.76,11698.84,0.00,2.11,663.53,0.00,597.19,0.00,0.00,0.00,0.00,12302867.91,0.00,2218.78,431109.56,984.26,17.32,0.00,0.00,0.00,0.00,0.00,0.00,0.00,0.00,0.00,0.00
1999-03-01,0.00,-64.14,12839.97,0.00,11.16,613.54,0.00,555.51,0.00,0.00,0.00,0.00,13509155.50,0.00,11701.17,409155.59,998.14,16.93,0.00,0.00,0.00,0.00,0.00,0.00,0.00,0.00,0.00,0.00
1999-04-01,0.00,-18.47,11912.49,0.00,1.74,660.01,0.00,515.23,0.00,0.00,0.00,0.00,12502393.67,0.00,1812.13,426564.60,989.27,18.40,0.00,0.00,0.00,0.00,0.00,0.00,0.00,0.00,0.00,0.00
1999-05-01,0.00,-52.86,12807.31,0.00,3.68,710.19,0.00,502.40,0.00,0.00,0.00,0.00,13350252.85,0.00,3866.45,451751.42,988.20,22.64,0.00,0.00,0.00,0.00,0.00,0.00,0.00,0.00,0.00,0.00
1999-06-01,0.00,-39.99,13302.51,0.00,0.31,654.04,0.00,480.18,0.00,0.00,0.00,0.00,13819937.74,0.00,328.57,422683.32,989.30,24.26,0.00,0.00,0.00,0.00,0.00,0.00,0.00,0.00,0.00,0.00
1999-07-01,0.00,-35.85,13650.96,0.00,0.00,699.10,0.00,565.85,0.00,0.00,0.00,0.00,14338418.81,0.00,4.86,451912.82,993.97,20.46,0.00,0.00,0.00,0.00,0.00,0.00,0.00,0.00,0.00,0.00
1999-08-01,0.00,-33.76,13298.79,0.00,6.66,814.40,0.00,523.48,0.00,0.00,0.00,0.00,13995676.17,0.00,6993.63,518958.96,993.98,19.93,0.00,0.00,0.00,0.00,0.00,0.00,0.00,0.00,0.00,0.00
1999-09-01,0.00,-3.54,12405.83,0.00,0.00,672.38,0.00,450.32,0.00,0.00,0.00,0.00,13076674.37,0.00,0.00,444424.72,999.71,17.01,0.00,0.00,0.00,0.00,0.00,0.00,0.00,0.00,0.00,0.00
1999-10-01,0.00,-7.80,12499.03,0.00,5.88,738.50,0.00,495.77,0.00,0.00,0.00,0.00,13134450.34,0.00,6166.93,491803.79,992.79,17.88,0.00,0.00,0.00,0.00,0.00,0.00,0.00,0.00,0.00,0.00
1999-11-01,0.00,-11.95,12227.69,0.00,3.06,674.65,0.00,516.82,0.00,0.00,0.00,0.00,12832569.28,0.00,3214.40,442922.43,990.19,16.92,0.00,0.00,0.00,0.00,0.00,0.00,0.00,0.00,0.00,0.00
1999-12-01,0.00,-30.10,12575.34,0.00,0.82,712.12,0.00,505.70,0.00,0.00,0.00,0.00,13241983.33,0.00,867.41,473140.14,996.52,23.33,0.00,592217.85,275905541.78,0.00,36984.11,25104573.24,0.00,10475807.98,0.00,0.00
2000-01-01,0.00,-35.84,12377.95,0.00,16.10,1003.89,0.00,524.30,0.00,0.00,0.00,0.00,12852835.42,0.00,16897.73,659372.62,974.27,58.55,0.00,11153737.38,690653060.22,0.00,11328630.88,67323836.98,0.00,31602686.50,0.00,0.00
2000-02-01,0.00,-51.94,12270.12,0.00,5.53,1170.23,0.00,683.53,0.00,0.00,0.00,0.00,12787404.25,0.00,5824.83,753186.09,962.28,55.38,0.00,1643935.82,610298503.05,0.00,2077614.19,121676308.38,0.00,47942704.81,0.00,0.00
2000-03-01,0.00,-63.57,13170.83,0.00,22.93,819.97,0.00,638.94,0.00,0.00,0.00,0.00,13833698.13,0.00,24071.60,537180.41,986.69,47.34,0.00,4967116.40,568255311.34,0.00,3187469.37,82056324.18,0.00,31388719.47,0.00,0.00
2000-04-01,0.00,-32.45,12240.67,0.00,3.94,576.88,0.00,464.87,0.00,0.00,0.00,0.00,12843904.52,0.00,4133.77,373437.33,997.55,32.30,0.00,1274284.55,367154503.12,0.00,514570.84,24854544.19,0.00,13499861.62,0.00,0.00
2000-05-01,0.00,-37.58,13324.07,0.00,2.00,820.25,0.00,509.32,0.00,0.00,0.00,0.00,13939674.05,0.00,2097.51,503837.75,988.20,58.62,0.00,1433543.33,730583638.94,0.00,1780094.74,60840312.37,0.00,45532538.20,0.00,0.00
2000-06-01,0.00,-65.64,13392.08,0.00,6.50,1080.80,0.00,633.52,0.00,0.00,0.00,0.00,13919744.97,0.00,6762.07,650011.49,968.72,45.73,0.00,1936737.02,574036428.52,0.00,882908.17,63083747.23,0.00,35464499.64,0.00,0.00
2000-07-01,0.00,-95.91,13943.31,0.00,4.64,780.81,0.00,727.66,0.00,0.00,0.00,0.00,14482980.06,0.00,4873.67,481829.68,974.56,52.36,0.00,3538104.92,694287188.19,0.00,661274.23,49699512.23,0.00,38540955.40,0.00,0.00
2000-08-01,0.00,-122.87,13718.35,0.00,2.30,777.27,0.00,739.11,0.00,0.00,0.00,0.00,14206704.53,0.00,2414.21,485854.02,972.27,55.33,0.00,3794339.69,713063005.18,0.00,284147.14,54296676.67,0.00,49165639.55,0.00,0.00
2000-09-01,0.00,-22.14,12518.57,0.00,0.05,566.85,0.00,663.00,0.00,0.00,0.00,0.00,13111022.54,0.00,48.63,351931.66,980.82,27.65,0.00,478015.84,332254907.27,0.00,5465.81,19328085.70,0.00,16370631.89,0.00,0.00
2000-10-01,0.00,-12.16,12784.10,0.00,4.50,601.50,0.00,595.87,0.00,0.00,0.00,0.00,13437106.57,0.00,4726.83,371396.34,988.51,37.63,0.00,251549.05,457144747.25,0.00,574018.49,30159716.46,0.00,20881477.75,0.00,0.00
2000-11-01,0.00,-67.66,12753.25,0.00,8.40,645.35,0.00,381.51,0.00,0.00,0.00,0.00,13309699.21,0.00,8866.28,396580.63,999.58,37.74,0.00,1257400.86,444980135.57,0.00,503359.86,36699112.13,0.00,15023640.02,0.00,0.00
2000-12-01,0.00,-106.34,13279.52,0.00,5.36,612.00,0.00,375.26,0.00,0.00,0.00,0.00,13921793.06,0.00,5611.21,368505.19,1009.18,32.04,0.00,2048400.14,403323815.87,0.00,669109.78,26580124.83,0.00,12972462.83,0.00,0.00
2001-01-01,0.00,-142.38,13499.43,0.00,5.06,970.95,0.00,508.27,0.00,0.00,0.00,0.00,14138756.93,0.00,5523.13,566581.75,991.21,70.99,0.00,3336740.99,856382560.10,0.00,2181273.52,105302313.24,0.00,84870767.93,0.00,0.00
2001-02-01,0.00,-124.79,12581.48,0.00,2.38,908.63,0.00,456.67,0.00,0.00,0.00,0.00,13182462.44,0.00,2741.30,515265.62,991.04,40.35,0.00,2586297.81,459092938.04,0.00,558926.89,59303053.54,0.00,22652750.16,0.00,0.00
2001-03-01,0.00,-107.92,13323.58,0.00,1.89,860.57,0.00,477.92,0.00,0.00,0.00,0.00,14021725.41,0.00,1986.35,484412.55,996.71,39.25,0.00,2382265.95,496809992.54,0.00,713189.47,41010963.27,0.00,21644985.35,0.00,0.00
2001-04-01,0.00,-68.24,12534.70,0.00,0.06,674.66,0.00,373.72,0.00,0.00,0.00,0.00,13156778.72,0.00,59.74,370486.83,1000.92,30.92,0.00,1479405.86,375071018.40,0.00,10945.66,24256799.38,0.00,12535252.49,0.00,0.00
2001-05-01,0.00,-32.36,13379.15,0.00,0.18,894.10,0.00,663.22,0.00,0.00,0.00,0.00,13926533.13,0.00,183.16,488814.40,967.21,37.16,0.00,810321.05,486413086.11,0.00,11579.62,36443930.39,0.00,26867700.78,0.00,0.00
2001-06-01,0.00,-23.85,13434.95,0.00,0.35,860.31,0.00,575.34,0.00,0.00,0.00,0.00,14065802.65,0.00,370.26,465448.78,978.75,33.03,0.00,517770.34,430365979.92,0.00,27211.46,30830813.65,0.00,19495149.63,0.00,0.00
2001-07-01,0.00,-26.58,14316.01,0.00,0.01,833.55,0.00,486.46,0.00,0.00,0.00,0.00,14962914.58,0.00,6.42,450919.29,987.47,35.51,0.00,493803.47,457335630.79,0.00,177.88,44002348.34,0.00,16384535.15,0.00,0.00
2001-08-01,0.00,-29.50,14112.53,0.00,0.75,915.17,0.00,429.19,0.00,0.00,0.00,0.00,14786195.87,0.00,834.87,484184.92,989.83,50.75,0.00,547812.41,617206188.22,0.00,20869.00,62596181.36,0.00,28784693.59,0.00,0.00
2001-09-01,0.00,-15.88,12729.17,0.00,0.23,765.56,0.00,473.60,0.00,0.00,0.00,0.00,13337672.61,0.00,241.44,406666.56,985.09,26.54,0.00,280552.76,331559705.01,0.00,5413.44,21283753.80,0.00,13027871.52,0.00,0.00
2001-10-01,0.00,-57.62,12965.00,0.00,2.03,835.18,0.00,577.51,0.00,0.00,0.00,0.00,13539926.24,0.00,2133.11,443638.92,976.51,32.66,0.00,1169959.77,412406974.92,0.00,649649.50,29471868.51,0.00,21912235.01,0.00,0.00
2001-11-01,0.00,-16.15,12880.49,0.00,19.47,648.15,0.00,438.89,0.00,0.00,0.00,0.00,13392135.58,0.00,20445.47,371497.17,986.63,26.06,0.00,302078.05,325227570.11,0.00,533986.26,19504561.31,0.00,13249050.18,0.00,0.00
2001-12-01,0.00,-27.60,12938.91,0.00,44.02,804.33,0.00,477.02,0.00,0.00,0.00,0.00,13295215.81,0.00,46211.68,434130.17,967.61,33.84,0.00,580651.13,420121601.97,0.00,1542046.69,27997418.59,0.00,25776597.35,0.00,0.00
2002-01-01,0.00,-48.73,13561.53,0.00,19.73,741.18,0.00,453.61,0.00,0.00,0.00,0.00,14102558.57,0.00,20716.04,411153.98,986.90,42.40,0.00,895429.43,537592952.49,0.00,1036060.27,30034175.71,0.00,20013250.44,0.00,0.00
2002-02-01,0.00,-45.33,12560.85,0.00,25.63,656.78,0.00,484.91,0.00,0.00,0.00,0.00,13121280.74,0.00,26904.29,363728.18,987.51,40.34,0.00,779698.62,481720485.86,0.00,1425873.24,26230366.06,0.00,22020661.45,0.00,0.00
2002-03-01,0.00,-21.66,13645.32,0.00,12.06,712.91,0.00,348.52,0.00,0.00,0.00,0.00,14207780.64,0.00,12679.67,386438.14,993.86,36.31,0.00,363877.69,472514675.96,0.00,713579.14,25547750.33,0.00,15673156.92,0.00,0.00
2002-04-01,0.00,-20.09,13050.87,0.00,2.58,708.38,0.00,222.54,0.00,0.00,0.00,0.00,13507996.35,0.00,2704.23,384569.93,995.06,51.31,0.00,326591.85,643986635.23,0.00,79255.21,28108264.08,0.00,15740201.22,0.00,0.00
2002-05-01,0.00,-14.96,13805.49,0.00,6.33,963.44,0.00,404.32,0.00,0.00,0.00,0.00,14186234.03,0.00,6706.17,520045.58,970.22,75.41,0.00,356772.96,944882779.83,0.00,1372331.00,89520247.92,0.00,85729044.96,0.00,0.00
2002-06-01,0.00,-23.89,13992.73,0.00,0.58,918.66,0.00,444.96,0.00,0.00,0.00,0.00,14531816.25,0.00,615.64,493425.41,979.97,56.60,0.00,429139.95,725022994.93,0.00,249099.34,53642909.52,0.00,58747759.60,0.00,0.00
2002-07-01,0.00,-38.78,14739.89,0.00,0.63,1009.92,0.00,561.41,0.00,0.00,0.00,0.00,15363274.01,0.00,695.88,547954.66,977.81,51.42,0.00,855823.29,705520927.36,0.00,481423.60,58334394.88,0.00,46312752.85,0.00,0.00
2002-08-01,0.00,-34.43,14393.95,0.00,0.38,878.77,0.00,426.80,0.00,0.00,0.00,0.00,15050260.18,0.00,406.72,457747.52,989.97,30.57,0.00,579884.39,428664177.37,0.00,12984.49,27158922.88,0.00,15180869.95,0.00,0.00
2002-09-01,0.00,-50.43,13107.88,0.00,0.82,792.03,0.00,504.01,0.00,0.00,0.00,0.00,13670754.14,0.00,864.37,412633.96,981.19,31.81,0.00,883535.94,406965513.64,0.00,25533.47,24492318.54,0.00,18503461.79,0.00,0.00
2002-10-01,0.00,-37.28,13375.62,0.00,0.47,833.40,0.00,536.44,0.00,0.00,0.00,0.00,13922399.30,0.00,461.14,425318.00,975.49,31.04,0.00,646539.48,408647394.71,0.00,10402.60,25962369.33,0.00,17940751.62,0.00,0.00
2002-11-01,0.00,-34.45,13428.50,0.00,3.25,787.15,0.00,375.67,0.00,0.00,0.00,0.00,13996282.09,0.00,3383.94,402568.94,989.16,37.15,0.00,590644.38,477180481.30,0.00,90335.95,27630134.18,0.00,22367357.80,0.00,0.00
2002-12-01,0.00,-59.80,13677.58,0.00,5.82,822.31,0.00,426.62,0.00,0.00,0.00,0.00,14276191.47,0.00,6048.82,427125.45,989.03,37.89,0.00,1061707.94,492072067.78,0.00,368986.72,37583093.33,0.00,20395348.07,0.00,0.00
2003-01-01,0.00,-52.37,13922.86,0.00,0.63,808.20,0.00,670.54,0.00,0.00,0.00,0.00,14514134.20,0.00,604.17,417248.21,972.78,41.50,0.00,814548.46,529774801.31,0.00,103803.59,35406787.50,0.00,44454114.69,0.00,0.00
2003-02-01,0.00,-28.39,12924.36,0.00,0.89,653.31,0.00,602.64,0.00,0.00,0.00,0.00,13431200.73,0.00,893.30,329838.13,972.38,24.58,0.00,522450.15,296150249.30,0.00,15984.50,15997808.77,0.00,15123745.04,0.00,0.00
2003-03-01,0.00,-39.03,13793.94,0.00,5.76,576.22,0.00,582.41,0.00,0.00,0.00,0.00,14232704.93,0.00,6008.30,295677.44,974.20,20.71,0.00,445717.06,270610774.89,0.00,110027.89,17717568.83,0.00,15464709.81,0.00,0.00
2003-04-01,0.00,-30.52,13325.64,0.00,4.91,439.88,0.00,423.13,0.00,0.00,0.00,0.00,13903525.73,0.00,5121.84,244548.40,999.31,17.30,0.00,364208.54,223258667.23,0.00,93318.40,9267447.55,0.00,7865280.91,0.00,0.00
2003-05-01,0.00,-39.84,14120.83,0.00,0.11,704.17,0.00,519.46,0.00,0.00,0.00,0.00,14583355.11,0.00,79.54,367475.99,976.88,21.17,0.00,519385.03,285559211.87,0.00,13544.64,21743713.77,0.00,13878563.68,0.00,0.00
2003-06-01,0.00,-48.50,14093.44,0.00,0.37,761.57,0.00,538.81,0.00,0.00,0.00,0.00,14589956.12,0.00,368.65,393964.07,976.45,49.97,0.00,739185.02,624413048.05,0.00,97551.84,50573798.74,0.00,66366446.63,0.00,0.00
2003-07-01,0.00,-51.06,15051.15,0.00,0.27,709.46,0.00,681.07,0.00,0.00,0.00,0.00,15512229.39,0.00,261.26,362970.26,968.55,40.58,0.00,739097.34,558344081.34,0.00,175491.68,30040660.81,0.00,45017719.74,0.00,0.00
2003-08-01,0.00,-67.10,14597.15,0.00,0.18,701.98,0.00,754.45,0.00,0.00,0.00,0.00,15089536.22,0.00,172.43,354521.16,966.07,19.63,0.00,1003280.54,278177386.49,0.00,3779.75,16320861.64,0.00,16602373.46,0.00,0.00
2003-09-01,0.00,-48.24,13631.40,0.00,0.12,592.56,0.00,661.39,0.00,0.00,0.00,0.00,14036666.74,0.00,90.27,304417.26,966.57,19.96,0.00,651009.47,261328524.06,0.00,2216.48,14149483.85,0.00,14548733.30,0.00,0.00
2003-10-01,0.00,-31.84,13874.06,0.00,1.23,603.43,0.00,636.10,0.00,0.00,0.00,0.00,14315783.26,0.00,1262.63,321447.21,970.53,19.10,0.00,374347.36,254807435.21,0.00,22426.38,14859948.00,0.00,12860679.93,0.00,0.00
2003-11-01,0.00,-53.50,13417.58,0.00,2.01,638.44,0.00,530.53,0.00,0.00,0.00,0.00,13774451.59,0.00,2071.99,337896.20,971.06,22.79,0.00,1565540.98,289326326.46,0.00,28380.76,24577254.56,0.00,12475484.66,0.00,0.00
2003-12-01,0.00,-89.20,14126.61,0.00,3.94,795.59,0.00,468.93,0.00,0.00,0.00,0.00,14532839.58,0.00,4157.38,420848.49,977.26,23.58,0.00,1433826.73,315870524.64,0.00,83629.39,26666257.90,0.00,13599242.60,0.00,0.00
2004-01-01,0.00,-138.84,14756.67,0.00,4.76,599.76,0.00,282.18,0.00,0.00,0.00,0.00,15217528.95,0.00,4962.75,331458.32,1003.19,45.73,0.00,2510629.31,586743165.45,0.00,129834.45,22082846.53,0.00,18811129.54,0.00,0.00
2004-02-01,0.00,-141.50,14325.44,0.00,9.66,764.64,0.00,431.19,0.00,0.00,0.00,0.00,14824610.41,0.00,10232.21,422796.71,991.44,52.65,0.00,2656862.42,654891295.21,0.00,2887782.65,77468423.03,0.00,47219187.56,0.00,0.00
2004-03-01,0.00,-120.38,14779.03,0.00,2.17,601.23,0.00,330.55,0.00,0.00,0.00,0.00,15343103.25,0.00,2268.04,334725.42,1005.61,24.86,0.00,2130416.76,351472893.89,0.00,59593.44,20927602.90,0.00,9083990.06,0.00,0.00
2004-04-01,0.00,-145.49,13566.75,0.00,1.04,756.18,0.00,322.43,0.00,0.00,0.00,0.00,14036417.88,0.00,1077.61,414173.51,996.60,30.35,0.00,2993478.24,398472350.06,0.00,37483.85,25422669.27,0.00,11322342.39,0.00,0.00
2004-05-01,0.00,-136.91,14513.85,0.00,1.11,1013.86,0.00,340.79,0.00,0.00,0.00,0.00,15026499.04,0.00,1158.19,553356.18,990.36,33.15,0.00,2978093.22,463921045.08,0.00,98012.12,39765788.12,0.00,14315213.91,0.00,0.00
2004-06-01,0.00,-93.87,14823.14,0.00,0.48,933.61,0.00,316.70,0.00,0.00,0.00,0.00,15373863.47,0.00,491.37,512055.32,994.14,31.99,0.00,1809115.31,448391263.02,0.00,66128.93,39145187.99,0.00,13930326.52,0.00,0.00
2004-07-01,0.00,-96.42,15696.93,0.00,1.76,809.69,0.00,352.98,0.00,0.00,0.00,0.00,16185578.05,0.00,1826.18,444564.62,992.07,39.81,0.00,1765219.00,568789851.38,0.00,283340.17,44266411.19,0.00,30756227.66,0.00,0.00
2004-08-01,0.00,-93.18,15281.31,0.00,1.82,690.23,0.00,393.40,0.00,0.00,0.00,0.00,15840175.51,0.00,1885.90,376774.78,996.64,28.38,0.00,1734672.74,418589916.78,0.00,62011.34,28020218.37,0.00,11939870.19,0.00,0.00
2004-09-01,0.00,-96.17,13666.66,0.00,1.79,841.43,0.00,623.56,0.00,0.00,0.00,0.00,14137062.48,0.00,1856.28,452217.31,970.33,65.05,0.00,2065678.99,754617637.81,0.00,105685.90,40434645.39,0.00,49494144.93,0.00,0.00
2004-10-01,0.00,-121.33,13702.28,0.00,5.80,917.57,0.00,631.47,0.00,0.00,0.00,0.00,14172987.42,0.00,6067.41,523108.15,971.35,59.95,0.00,3041287.15,749753689.84,0.00,852951.51,58873742.07,0.00,74623299.84,0.00,0.00
2004-11-01,0.00,-129.12,13890.45,0.00,6.58,889.21,0.00,448.28,0.00,0.00,0.00,0.00,14320933.59,0.00,6872.62,511794.43,982.40,69.51,0.00,3152305.38,837897758.21,0.00,1576809.63,75326886.64,0.00,78222474.91,0.00,0.00
2004-12-01,0.00,-166.20,14405.97,0.00,7.16,855.98,0.00,313.91,0.00,0.00,0.00,0.00,14854934.97,0.00,7628.13,469743.91,994.52,31.82,0.00,3436231.72,436686188.88,0.00,362244.47,33937693.68,0.00,11145669.77,0.00,0.00
2005-01-01,0.00,-112.65,14649.57,0.00,4.09,765.37,0.00,539.06,0.00,0.00,0.00,0.00,15160968.34,0.00,4468.86,401073.91,982.40,34.84,0.00,2222528.81,456441333.94,0.00,172427.84,26232516.21,0.00,36174761.89,0.00,0.00
2005-02-01,0.00,-82.46,13596.24,0.00,7.38,720.20,0.00,541.85,0.00,0.00,0.00,0.00,14021813.07,0.00,7824.84,374271.91,974.34,24.50,0.00,1311520.91,306871708.65,0.00,180445.09,20035204.14,0.00,14493174.98,0.00,0.00
2005-03-01,0.00,-81.04,14579.12,0.00,0.95,764.15,0.00,457.36,0.00,0.00,0.00,0.00,15048067.33,0.00,1008.01,398326.02,982.63,22.42,0.00,1283170.48,298025668.52,0.00,23453.09,22100685.87,0.00,10404187.68,0.00,0.00
2005-04-01,0.00,-50.35,13397.41,0.00,0.72,1091.32,0.00,572.04,0.00,0.00,0.00,0.00,13796444.75,0.00,756.13,565424.83,956.80,27.03,0.00,860695.84,361673521.72,0.00,21560.36,34357801.17,0.00,19253133.77,0.00,0.00
2005-05-01,0.00,-95.84,14518.33,0.00,1.34,942.85,0.00,986.44,0.00,0.00,0.00,0.00,15008023.52,0.00,1445.39,509369.72,948.98,34.69,0.00,1839857.48,379422042.62,0.00,37545.99,53311934.43,0.00,143153736.56,0.00,0.00
2005-06-01,0.00,-86.05,14883.77,0.00,1.42,966.67,0.00,1274.83,0.00,0.00,0.00,0.00,15366847.75,0.00,1575.64,528425.73,932.88,28.57,0.00,1589287.14,394334387.16,0.00,87339.05,33045357.44,0.00,73977187.88,0.00,0.00
2005-07-01,0.00,-61.71,15352.45,0.00,0.33,1029.95,0.00,1372.84,0.00,0.00,0.00,0.00,15796320.26,0.00,438.98,551493.81,923.95,42.97,0.00,2771020.68,711803115.70,0.00,22718.29,50212058.51,0.00,104956483.20,0.00,0.00
2005-08-01,0.00,-49.97,15261.37,0.00,1.27,988.13,0.00,1376.08,0.00,0.00,0.00,0.00,15734496.05,0.00,1458.44,533680.79,925.63,32.39,0.00,1599513.92,482470162.12,0.00,49326.01,34192882.32,0.00,82764196.32,0.00,0.00
2005-09-01,0.00,-26.58,13744.95,0.00,0.33,955.89,0.00,1381.97,0.00,0.00,0.00,0.00,14198259.55,0.00,392.61,514148.99,916.31,36.17,0.00,1358025.80,518562191.67,0.00,15727.59,34394090.24,0.00,71319698.62,0.00,0.00
2005-10-01,0.00,-14.89,13852.40,0.00,0.36,939.00,0.00,1320.95,0.00,0.00,0.00,0.00,14293433.45,0.00,448.72,509960.00,919.62,35.59,0.00,255014.88,525707868.95,0.00,192582.99,36587780.03,0.00,84801288.73,0.00,0.00
2005-11-01,0.00,-51.14,13840.86,0.00,0.64,952.50,0.00,1207.30,0.00,0.00,0.00,0.00,14308919.73,0.00,695.77,529867.86,930.37,23.96,0.00,974525.63,309216069.82,0.00,169143.25,37321190.78,0.00,57235688.44,0.00,0.00
2005-12-01,0.00,-45.65,14863.66,0.00,9.61,855.15,0.00,1315.80,0.00,0.00,0.00,0.00,15391354.07,0.00,10095.85,471971.16,933.81,35.35,0.00,825264.85,562185802.97,0.00,931999.47,54854440.35,0.00,97535941.53,0.00,0.00
2006-01-01,0.00,-75.97,15200.74,0.00,4.76,1052.45,0.00,1324.84,0.00,0.00,0.00,0.00,15667757.61,0.00,5062.50,587181.96,928.78,35.86,0.00,1494315.04,576885854.43,0.00,1255485.27,105316610.67,0.00,63496982.84,0.00,0.00
2006-02-01,0.00,-38.53,13879.86,0.00,6.56,854.24,0.00,1218.96,0.00,0.00,0.00,0.00,14352086.24,0.00,6851.80,463774.41,931.01,52.23,0.00,687541.17,891659080.43,0.00,4656776.51,64706338.78,0.00,120535326.26,0.00,0.00
2006-03-01,0.00,-24.27,15053.72,0.00,0.35,918.90,0.00,1169.74,0.00,0.00,0.00,0.00,15573787.39,0.00,359.63,486557.90,938.21,23.97,0.00,460745.09,373592116.33,0.00,49889.07,29504206.71,0.00,36732675.99,0.00,0.00
2006-04-01,0.00,-5.59,13924.41,0.00,0.40,692.50,0.00,1196.74,0.00,0.00,0.00,0.00,14332125.86,0.00,413.26,386068.30,931.06,22.74,0.00,81287.99,323200683.41,0.00,27221.84,19273810.28,0.00,34939687.56,0.00,0.00
2006-05-01,0.00,-3.49,15028.52,0.00,0.39,1053.69,0.00,1425.41,0.00,0.00,0.00,0.00,15488376.77,0.00,421.55,561443.93,916.92,28.17,0.00,67863.07,409528047.26,0.00,91642.26,41628398.34,0.00,63757816.66,0.00,0.00
2006-06-01,0.00,-45.88,15425.05,0.00,0.03,1162.71,0.00,1510.86,0.00,0.00,0.00,0.00,15832431.09,0.00,112.32,606542.98,910.61,30.27,0.00,1094748.98,464477879.67,0.00,4586.43,42462772.35,0.00,62196050.84,0.00,0.00
2006-07-01,0.00,-62.48,15767.10,0.00,0.52,1053.28,0.00,1550.59,0.00,0.00,0.00,0.00,16244863.94,0.00,662.39,553990.49,917.55,41.09,0.00,1458250.16,621871743.97,0.00,156599.28,57718747.17,0.00,104943350.78,0.00,0.00
2006-08-01,0.00,-70.99,15470.16,0.00,0.37,1195.94,0.00,1272.85,0.00,0.00,0.00,0.00,15982713.31,0.00,424.28,630200.21,929.76,27.95,0.00,1550160.46,426748133.18,0.00,48493.72,43629362.03,0.00,43810045.03,0.00,0.00
2006-09-01,0.00,-35.95,14201.76,0.00,1.55,1161.18,0.00,1078.39,0.00,0.00,0.00,0.00,14616723.25,0.00,1645.45,606643.77,927.96,25.91,0.00,868639.29,363893660.11,0.00,50931.59,35115499.59,0.00,40122518.91,0.00,0.00
2006-10-01,0.00,-44.58,14495.39,0.00,0.07,1253.58,0.00,956.17,0.00,0.00,0.00,0.00,14958102.56,0.00,59.74,652705.93,936.99,26.41,0.00,1002615.35,388865948.08,0.00,2896.26,37917448.85,0.00,34452929.41,0.00,0.00
2006-11-01,0.00,-73.74,14481.41,0.00,1.42,1210.79,0.00,941.81,0.00,0.00,0.00,0.00,14928841.74,0.00,1481.67,640509.58,940.17,30.17,0.00,1352897.89,458167145.08,0.00,166115.46,47254747.41,0.00,41221712.97,0.00,0.00
2006-12-01,0.00,-114.74,14930.11,0.00,1.00,1112.00,0.00,778.21,0.00,0.00,0.00,0.00,15503678.67,0.00,1063.08,592180.85,963.51,21.75,0.00,2137300.36,334823662.65,0.00,45057.45,32385595.85,0.00,24479610.76,0.00,0.00
2007-01-01,0.00,-146.10,15209.08,0.00,17.10,1545.98,0.00,1010.93,0.00,0.00,0.00,0.00,15706711.76,0.00,17980.32,871315.49,940.98,59.73,0.00,4089904.25,1024768732.73,0.00,5908159.76,172950508.99,0.00,96253239.48,0.00,0.00
2007-02-01,0.00,-169.34,14035.15,0.00,3.71,1541.50,0.00,992.57,0.00,0.00,0.00,0.00,14547396.25,0.00,3914.40,882681.87,940.89,45.51,0.00,5210767.84,703117580.39,0.00,428531.36,98263162.46,0.00,71408372.33,0.00,0.00
2007-03-01,0.00,-178.97,15125.12,0.00,7.27,1623.17,0.00,1026.20,0.00,0.00,0.00,0.00,15604939.07,0.00,7635.61,902961.86,938.23,49.66,0.00,6178063.26,826131791.10,0.00,443209.92,99621419.84,0.00,72084658.36,0.00,0.00
2007-04-01,0.00,-158.02,13263.62,0.00,0.32,1640.27,0.00,1083.55,0.00,0.00,0.00,0.00,13809244.00,0.00,330.26,964923.16,933.34,70.60,0.00,7549164.73,1021650757.19,0.00,29268.67,134163388.45,0.00,88557948.77,0.00,0.00
2007-05-01,0.00,-171.05,14129.08,0.00,0.77,1864.31,0.00,1125.59,0.01,0.00,0.00,0.00,14571107.88,0.00,849.68,1048707.12,921.64,55.57,0.00,6450349.86,834331661.41,0.00,52082.88,113327574.53,0.00,72885519.70,701.08,0.00
2007-06-01,0.00,-160.71,14595.92,0.00,17.66,2007.48,0.00,1573.23,2.97,0.00,0.00,0.00,15115431.30,0.00,18467.76,1136088.79,902.06,179.99,0.00,8637588.64,2764675760.92,0.00,19038948.66,358210412.42,0.00,363190701.00,370894.18,0.00
2007-07-01,0.00,-186.68,16273.46,0.00,6.07,1689.97,0.00,1119.41,9.23,0.00,0.00,0.00,16796738.13,0.00,6354.99,945683.41,938.52,64.05,0.00,6104464.60,1088109890.00,0.00,1108050.56,128659711.34,0.00,106073485.38,604684.90,0.00
2007-08-01,0.00,-160.36,15501.08,0.00,3.34,1467.21,0.00,982.92,8.00,0.00,0.00,0.00,16111836.84,0.00,3506.21,787822.48,949.50,42.84,0.00,4634577.46,702149826.55,0.00,108933.38,73464241.11,0.00,47163940.99,346773.27,0.00
2007-09-01,0.00,-164.82,14153.88,0.00,9.08,1265.73,0.00,1046.44,13.29,0.00,0.00,0.00,14704107.05,0.00,9494.82,689479.85,943.61,48.74,0.00,5167689.05,727585797.43,0.00,470763.52,67706492.57,0.00,63341499.96,589361.28,0.00
2007-10-01,0.00,-176.06,14477.53,0.00,5.36,1404.31,0.00,1104.11,14.66,0.00,0.00,0.00,14998173.91,0.00,5725.52,747149.74,935.90,42.32,0.00,5140425.60,661235381.41,0.00,729686.69,68549778.23,0.00,60447390.24,586837.44,0.00
2007-11-01,0.00,-148.71,14364.57,0.00,3.26,1631.93,0.00,814.14,9.90,0.00,0.00,0.00,14760647.90,0.00,3411.18,912474.81,940.12,47.18,0.00,3881063.17,753272824.23,0.00,357069.22,95499825.73,0.00,51075784.83,467787.29,0.00
2007-12-01,0.00,-158.86,14569.01,0.00,6.35,1699.57,0.00,818.13,15.99,0.00,0.00,0.00,14914122.73,0.00,6650.13,935151.34,935.44,46.67,0.00,4162334.21,743838837.66,0.00,749676.90,101137566.14,0.00,49057690.17,719858.07,0.00
2008-01-01,0.00,-170.86,15368.46,0.00,19.57,1550.41,0.00,868.19,31.08,0.00,0.00,0.00,15807736.93,0.00,20703.09,840187.66,943.50,34.45,0.00,3754840.29,576816603.53,0.00,2265128.12,69293845.66,0.00,43796170.57,1145647.49,0.00
2008-02-01,0.00,-119.69,14327.20,0.00,16.11,1338.64,0.00,729.23,41.09,0.00,0.00,0.00,14833023.27,0.00,17002.04,716448.95,953.09,56.69,0.00,2517275.28,915743291.42,0.00,24633304.59,241832199.64,0.00,44965573.61,3565136.13,0.00
2008-03-01,0.00,-118.09,14918.40,0.00,5.38,1596.46,0.00,898.61,40.61,0.00,0.00,0.00,15428572.35,0.00,5929.09,870414.28,940.23,42.94,0.00,2672502.19,646138720.88,0.00,4874566.99,170799137.42,0.00,60000316.92,5585205.97,0.00
2008-04-01,0.00,-66.36,14084.06,0.00,0.84,1477.53,0.00,908.42,38.39,0.00,0.00,0.00,14449471.34,0.00,872.79,808058.40,927.96,39.45,0.00,1587690.30,546590003.18,0.00,28012.30,96589117.40,0.00,47554470.76,3211325.62,0.00
2008-05-01,0.00,-97.43,14787.00,0.00,1.24,1827.13,0.00,1101.30,40.45,0.00,0.00,0.00,15118628.97,0.00,1286.20,983084.48,911.85,45.20,0.00,2694012.14,659426039.84,0.00,70255.01,120222044.56,0.00,67196381.67,2625677.10,0.00
2008-06-01,0.00,-117.55,14750.90,0.00,4.96,1654.21,0.00,1070.82,69.11,0.00,0.00,0.00,15232104.47,0.00,5183.12,891733.55,925.23,39.64,0.00,2877707.40,597929836.00,0.00,503740.03,106648832.18,0.00,54474267.93,3040158.93,0.00
2008-07-01,0.00,-104.39,16201.81,0.00,0.45,1568.50,0.00,1214.07,93.22,0.00,0.00,0.00,16657468.21,0.00,486.53,833648.97,921.89,45.64,0.00,2411737.27,744723800.96,0.00,1072429.37,96499222.55,0.00,68110566.55,3512095.95,0.00
2008-08-01,0.00,-88.92,16131.93,0.00,0.49,1653.42,0.00,1044.87,83.27,0.00,0.00,0.00,16676426.31,0.00,498.40,891103.10,933.23,37.37,0.00,2107051.46,597550748.28,0.00,15230.60,69249435.31,0.00,54489707.24,2968900.53,0.00
2008-09-01,0.00,-90.14,14382.31,0.00,0.17,1377.14,0.00,1029.11,93.90,0.00,0.00,0.00,14878422.80,0.00,164.69,727102.55,929.33,33.00,0.00,1915518.01,478105940.76,0.00,5533.84,49906534.27,0.00,45452684.26,2559379.23,0.00
2008-10-01,0.00,-121.59,14623.31,0.00,2.31,1329.98,0.00,1005.36,79.53,0.00,0.00,0.00,15187392.56,0.00,2385.07,721070.85,940.42,57.59,0.00,3064970.62,878064063.79,0.00,1642369.44,101562639.83,0.00,127615239.28,10991682.56,0.00
2008-11-01,0.00,-146.55,14535.30,0.00,2.31,1295.94,0.00,720.50,80.19,0.00,0.00,0.00,15021029.55,0.00,2411.93,687714.64,952.90,33.17,0.00,3339450.78,498135707.62,0.00,533753.55,51356449.62,0.00,32559024.73,2777178.23,0.00
2008-12-01,0.00,-138.05,15024.71,0.00,6.51,1245.49,0.00,679.28,85.06,0.00,0.00,0.00,15606649.43,0.00,6826.43,653035.08,962.34,29.54,0.00,2793428.67,432142542.14,0.00,330864.31,56882155.73,0.00,25213764.18,3264894.79,0.00
2009-01-01,0.00,-16.33,15141.58,0.00,12.86,1705.52,0.00,1019.95,84.54,0.00,0.00,0.00,15662150.93,0.00,13944.11,933682.59,925.43,78.36,0.00,350010.73,1162664421.13,0.00,15867471.85,458754572.93,0.00,218442905.22,16758595.78,0.00
2009-02-01,0.00,-43.97,13937.36,0.00,2.81,1536.49,0.00,868.53,82.65,0.00,0.00,0.00,14428191.66,0.00,2990.63,814624.65,930.54,36.77,0.00,1021879.16,559084725.22,0.00,941885.27,83662391.91,0.00,48478200.20,2855990.41,0.00
2009-03-01,0.00,-9.41,14993.14,0.00,1.74,1317.96,0.00,696.80,79.17,0.00,0.00,0.00,15595294.62,0.00,1815.16,679217.90,952.98,25.57,0.00,169689.59,388999704.34,0.00,290959.49,43225231.63,0.00,24793253.61,1976701.09,0.00
2009-04-01,0.00,-1.27,13690.86,0.00,2.57,1472.59,0.00,797.85,74.95,0.00,0.00,0.00,14182227.02,0.00,2689.18,764221.90,932.13,36.55,0.00,20808.71,495355115.05,0.00,176155.05,61631063.71,0.00,50298978.68,2480002.60,0.00
2009-05-01,0.00,-5.15,14579.88,0.00,4.19,1602.42,0.00,950.74,68.91,0.00,0.00,0.00,15103909.72,0.00,4389.95,813738.70,925.65,30.91,0.00,105116.96,442196746.93,0.00,110505.87,54937126.08,0.00,41844622.10,2072261.42,0.00
2009-06-01,0.00,-3.32,14973.00,0.00,0.31,1552.32,0.00,1007.48,102.69,0.00,0.00,0.00,15464402.77,0.00,312.53,801068.18,922.49,40.23,0.00,55382.51,487270768.97,0.00,10319.83,75377534.52,0.00,135245250.80,2738444.23,0.00
2009-07-01,0.00,-15.43,15314.42,48.21,1.90,1502.98,0.00,1331.63,411.67,0.00,0.00,0.00,15795624.57,4473.68,1980.44,780141.32,891.74,29.25,0.00,309345.12,449664079.53,1337521.50,125630.42,51353920.48,0.00,42789067.07,10296436.97,0.00
2009-08-01,0.00,-27.04,14584.84,47.69,0.18,1353.53,0.00,1329.56,511.20,0.00,0.00,0.00,15122536.82,4527.96,172.00,674321.03,887.73,23.42,0.00,494370.50,349506975.85,1143609.87,4411.39,34149857.89,0.00,31000077.08,10543676.50,0.00
2009-09-01,0.00,-13.59,13247.05,51.30,3.18,1581.57,0.00,1277.49,452.16,0.00,0.00,0.00,13869110.71,4883.43,1982.31,804572.96,884.41,24.38,0.00,287342.72,328727707.41,1267632.53,87280.75,41901357.99,0.00,30204029.64,10507551.03,0.00
2009-10-01,0.00,-21.81,13854.64,46.31,5.63,1802.49,0.00,972.88,383.79,0.00,0.00,0.00,14487153.34,4042.42,5914.97,921014.96,904.61,26.41,0.00,429216.73,373589901.02,1243187.58,141277.41,52908315.20,0.00,27613892.51,9794164.96,0.00
2009-11-01,0.00,-69.15,14151.45,13.89,18.56,2111.29,0.00,970.92,326.25,0.00,0.00,0.00,14608877.00,385.69,19622.92,1137018.80,899.72,76.29,0.00,1371280.66,1179045007.90,1252383.76,23323298.37,410040708.12,0.00,161053126.54,39154495.24,0.00
2009-12-01,0.00,-82.55,14719.75,11.94,7.01,1796.39,0.00,870.23,354.60,0.00,0.00,0.00,15197070.69,247.03,7273.89,938478.06,913.21,48.02,0.00,1562475.44,828193936.69,478435.48,2502198.08,126770621.47,0.00,138219082.13,13986703.12,0.00
2010-01-01,0.00,-29.86,14995.23,14.30,5.92,1815.04,0.00,947.55,366.90,0.00,0.00,0.00,15491268.47,292.95,6256.87,951222.80,908.03,73.84,0.00,591118.72,875073922.00,1053290.15,11592141.50,246655423.32,0.00,125951713.03,37302868.18,0.00
2010-02-01,0.00,-21.62,13663.38,13.75,3.31,1858.94,0.00,936.22,353.81,0.00,0.00,0.00,14092940.82,280.78,3660.29,970046.51,896.43,74.44,0.00,439625.96,803964641.56,591331.99,9137985.05,259568906.42,0.00,110942810.95,22027146.19,0.00
2010-03-01,0.00,-4.35,14722.79,14.93,0.79,1707.99,0.00,816.46,319.24,0.00,0.00,0.00,15321053.07,307.62,878.87,881319.44,921.82,25.59,0.00,59688.67,367021971.63,379226.11,25211.55,44837980.37,0.00,24981309.02,7076387.13,0.00
2010-04-01,0.00,-3.61,13179.53,-0.38,0.59,1741.34,0.00,988.77,315.50,0.00,0.00,0.00,13584979.03,0.00,650.60,907795.94,893.46,38.48,0.00,57727.15,470933747.65,0.00,120921.74,75281627.15,0.00,83495820.96,9465120.92,0.00
2010-05-01,0.00,-27.87,14008.17,-0.58,1.91,1995.62,0.00,1259.07,276.17,0.00,0.00,0.00,14353688.20,0.18,2007.76,1005957.81,877.18,29.36,0.00,613623.02,374064233.06,157.29,42152.47,57190538.46,0.00,59839737.96,7590152.12,0.00
2010-06-01,0.00,-6.57,14234.22,31.51,0.41,2118.14,0.00,1348.70,306.31,0.00,0.00,0.00,14698196.40,2936.90,446.51,1060522.83,874.08,31.14,0.00,135303.43,422406806.67,726532.25,19931.27,67931805.32,0.00,50518406.46,9261288.39,0.00
2010-07-01,0.00,-1.90,14897.86,44.11,0.17,2145.95,0.00,1440.71,294.21,0.00,0.00,0.00,15420766.85,4054.40,183.81,1067257.56,876.26,26.70,0.00,34331.72,385106358.45,921524.91,-7109.20,57610592.81,0.00,41976508.32,7051502.48,0.00
2010-08-01,0.00,-2.03,14134.93,24.66,1.86,2167.50,0.00,1599.59,549.92,0.00,0.00,0.00,14680725.17,1958.00,1964.86,1087247.24,853.62,32.22,0.00,29173.41,412817005.58,501430.11,47307.67,70919985.78,0.00,71648200.00,14996980.83,0.00
2010-09-01,0.00,-2.84,12732.68,14.21,3.78,2110.54,0.00,1672.43,413.18,0.00,0.00,0.00,13293902.19,1311.32,4003.99,1052878.11,847.03,23.19,0.00,53140.27,291352017.45,302988.52,89154.53,49144170.69,0.00,37275324.69,8903718.67,0.00
2010-10-01,0.00,-0.79,12808.78,40.90,0.16,1969.79,0.00,1523.67,432.66,0.00,0.00,0.00,13371844.25,3716.39,181.72,1013510.74,857.77,21.44,0.00,14914.03,268727533.21,788439.44,30236.03,44188712.47,0.00,30621938.09,6336856.59,0.00
2010-11-01,0.00,-2.14,12519.49,9.82,0.40,1938.01,0.00,1652.36,371.55,0.00,0.00,0.00,13051414.77,1210.77,461.39,987368.35,851.48,21.38,0.00,28159.78,252367193.11,135100.37,91522.88,43773427.11,0.00,37046084.45,6618813.38,0.00
2010-12-01,0.00,-14.41,12697.92,1.43,0.54,2059.03,0.00,1569.77,469.58,0.00,0.00,0.00,13213215.15,55.75,580.92,1019285.69,848.03,21.16,0.00,223630.35,263505861.43,36197.74,18425.07,45344262.40,0.00,30041893.81,7436290.39,0.00
2011-01-01,0.00,-86.12,13861.25,0.45,23.14,2278.15,0.00,1106.67,380.18,0.00,0.00,0.00,14321879.31,36.12,24376.81,1183969.74,884.22,61.74,0.00,1966397.20,659111780.10,55712.44,7651473.29,263479501.77,0.00,87123604.83,16714699.97,0.00
2011-02-01,0.00,-95.82,12935.45,4.47,8.13,2130.69,0.00,1150.66,400.15,0.00,0.00,0.00,13333097.03,208.14,8525.70,1091722.84,872.98,121.87,0.00,2826717.07,1358303428.94,1314956.52,14443070.37,308729887.63,0.00,232123907.61,19312663.29,0.00
2011-03-01,0.00,-19.58,13915.59,-0.38,1.21,1995.46,0.00,951.98,473.36,0.00,0.00,0.00,14398826.01,0.00,1480.47,1012093.57,889.98,26.84,0.00,373590.58,370157255.87,0.00,37493.98,53616654.69,0.00,26026598.01,10178616.42,0.00
2011-04-01,0.00,-3.82,13075.26,-0.23,0.11,1591.71,0.00,880.56,373.37,0.00,0.00,0.00,13510571.59,0.02,112.89,807758.14,899.57,26.29,0.00,83992.02,339794869.22,28.46,3071.15,42426749.92,0.00,23992504.38,9567250.02,0.00
2011-05-01,0.00,-7.76,14158.32,7.43,0.14,1913.94,0.00,1233.52,380.26,0.00,0.00,0.00,14539151.32,645.26,172.06,961340.63,876.48,31.64,0.00,199258.38,432607222.28,214650.95,10621.15,62919423.61,0.00,47743646.68,11140527.27,0.00
2011-06-01,0.00,-14.00,14210.06,45.86,0.15,1780.46,0.00,1301.59,588.72,0.00,0.00,0.00,14619675.55,3606.27,168.79,891358.99,866.13,28.16,0.00,307880.63,389852211.89,1162669.35,5500.97,52061966.78,0.00,40137374.57,16291054.74,0.00
2011-07-01,0.00,-19.53,14534.96,59.67,0.14,1966.38,0.00,1452.50,601.76,0.00,0.00,0.00,14976439.73,4214.45,145.25,1001552.90,859.46,30.94,0.00,481471.72,431943031.93,1567090.02,8080.75,66583920.39,0.00,49444720.99,17343662.44,0.00
2011-08-01,0.00,-5.25,13880.07,60.93,0.03,2015.99,0.00,1281.55,440.53,0.00,0.00,0.00,14356688.85,4842.81,30.99,1008146.06,869.63,30.69,0.00,123509.88,417952456.76,1755935.35,1223.92,65670063.80,0.00,39850246.90,13225256.00,0.00
2011-09-01,0.00,-5.05,13003.93,59.51,0.16,1559.18,0.00,1177.55,621.13,0.00,0.00,0.00,13582836.72,5238.21,174.42,809276.19,877.02,29.56,0.00,115630.07,372766787.36,1744430.94,30304.75,51868069.94,0.00,33744294.94,18031223.83,0.00
2011-10-01,0.00,-5.46,13449.98,61.88,0.57,1646.15,0.00,962.27,474.41,0.00,0.00,0.00,14129560.35,5194.81,671.54,855650.19,903.63,28.69,0.00,111272.87,363064784.63,1691519.20,400284.23,55172200.84,0.00,30096398.17,13979924.29,0.00
2011-11-01,0.00,-20.19,12954.42,57.56,1.07,2139.92,0.00,1023.93,458.14,0.00,0.00,0.00,13573444.88,5203.44,1137.86,1080515.93,882.36,34.37,0.00,508474.68,428479088.72,1982905.30,25885.16,78927673.85,0.00,39875343.11,13800839.24,0.00
2011-12-01,0.00,-18.76,13035.91,32.45,0.05,2003.18,0.00,867.58,474.00,0.00,0.00,0.00,13713239.63,2220.95,47.26,989764.02,896.97,25.23,0.00,397642.58,322323275.51,845861.23,1397.87,51946110.19,0.00,22614123.47,10407479.14,0.00
2012-01-01,0.00,-32.25,13818.43,15.29,3.90,2154.27,0.00,792.60,645.14,0.00,0.00,0.00,14378570.61,316.95,4120.06,1081085.66,888.87,28.17,0.00,551146.98,369606030.12,402149.26,245746.22,68102770.31,0.00,28151009.91,15610030.06,0.00
2012-02-01,0.00,-12.82,13204.41,16.68,2.00,1998.16,0.00,838.88,423.96,0.00,0.00,0.00,13760244.68,342.80,2111.87,992747.20,895.83,28.97,0.00,241624.63,369575761.81,525630.33,111993.71,63477130.66,0.00,27365496.45,10923178.41,0.00
2012-03-01,0.00,-6.20,13108.67,14.67,0.84,1946.02,0.00,1104.08,504.17,0.00,0.00,0.00,13624680.59,304.10,901.11,967890.35,875.33,26.49,0.00,109470.42,336049051.12,426866.15,32855.11,55191757.13,0.00,32012988.02,12311181.22,0.00
2012-04-01,0.00,-3.01,12182.62,-0.53,0.18,2028.13,0.00,1129.19,361.01,0.00,0.00,0.00,12681195.00,0.27,174.96,1011277.84,872.28,32.60,0.00,69216.76,390193085.63,335.96,6568.30,64474283.22,0.00,41421520.43,9509321.14,0.00
2012-05-01,0.00,-7.22,13847.11,-0.77,0.19,1797.56,0.00,1166.10,471.84,0.00,0.00,0.00,14431318.70,6.03,234.19,883720.03,886.57,28.11,0.00,128516.75,380208051.24,962.57,7234.76,50315651.45,0.00,36658286.08,13117120.05,0.00
2012-06-01,0.00,-24.64,13282.09,7.28,0.29,2000.86,0.00,1562.96,573.41,0.00,0.00,0.00,13588495.58,587.88,259.85,1009901.15,838.93,36.39,0.00,657769.33,479342021.64,286035.79,10706.79,70306353.97,0.00,60029595.05,16841780.45,0.00
2012-07-01,0.00,-16.58,13052.83,5.25,0.80,2326.96,0.00,2027.02,464.40,0.00,0.00,0.00,13248484.05,486.80,786.66,1175987.88,807.68,70.37,0.00,917211.26,891754777.43,384480.88,115846.40,178893086.42,0.00,144413076.20,30901740.77,0.00
2012-08-01,0.00,-14.07,12885.86,48.60,3.57,2042.51,0.00,1910.27,700.37,0.00,0.00,0.00,13153045.07,4474.49,3865.71,1054170.01,808.75,56.85,0.00,759144.68,725317863.08,2640459.55,310.97,121741739.45,0.00,100975898.29,38490257.24,0.00
2012-09-01,0.00,-16.08,11582.68,60.56,2.60,1832.79,0.00,1714.42,587.82,0.00,0.00,0.00,11905114.93,5025.70,2755.76,939522.18,815.26,52.64,0.00,799483.57,612795695.86,3231431.85,127221.95,98072905.98,0.00,79769392.65,27537734.52,0.00
2012-10-01,0.00,-14.69,11783.45,67.40,0.31,2267.25,0.00,1475.17,503.17,0.00,0.00,0.00,12180453.84,5841.65,335.24,1125711.33,827.78,53.94,0.00,771293.04,635703313.76,3558856.65,21399.80,120898533.54,0.00,72657196.95,24947108.79,0.00
2012-11-01,0.00,-8.94,12146.49,64.40,2.49,2075.26,0.00,1133.60,494.28,0.00,0.00,0.00,12417027.35,5410.14,2646.73,1028664.35,845.74,67.75,0.00,469415.16,775697193.85,3501342.02,515089.16,145823509.10,0.00,96998014.46,30409582.00,0.00
2012-12-01,0.00,-8.71,12607.38,35.45,10.03,2003.60,0.00,1115.93,622.91,0.00,0.00,0.00,12891685.83,2264.15,10540.05,991318.67,848.00,54.42,0.00,422351.52,676033194.03,2174289.21,1258912.80,116358741.55,0.00,56361024.31,32175782.03,0.00
2013-01-01,0.00,-23.82,13123.97,15.84,37.45,2319.18,0.00,1260.90,555.97,0.00,0.00,0.00,13464787.63,504.98,39366.04,1155795.97,847.94,86.32,0.00,1903492.99,1070027780.36,2208959.51,10281473.41,270545840.10,0.00,88222000.48,28617135.28,0.00
2013-02-01,0.00,-14.39,11622.06,20.19,2.32,2112.14,0.00,1303.78,509.28,0.00,0.00,0.00,12018119.39,580.78,2491.51,1044897.78,839.97,55.50,0.00,695488.24,635637334.60,1248540.95,274330.15,126601446.26,0.00,68782343.31,26608075.40,0.00
2013-03-01,0.00,-17.29,12792.92,22.13,1.39,2040.19,0.00,1243.65,616.94,0.00,0.00,0.00,13225753.66,672.89,1452.10,1017414.42,853.02,59.90,0.00,873369.25,749029519.93,1697730.52,175355.50,134759889.70,0.00,70853390.46,30262203.73,0.00
2013-04-01,0.00,-2.46,11887.49,8.61,0.52,1684.28,0.00,1353.12,464.23,0.00,0.00,0.00,12188847.29,403.48,558.94,845411.29,846.67,55.10,0.00,121380.53,638469969.01,516017.21,111436.40,103259492.81,0.00,65717231.10,24907968.36,0.00
2013-05-01,0.00,-6.95,12833.67,11.64,3.75,1673.01,0.00,1564.37,635.78,0.00,0.00,0.00,13110847.46,532.34,3318.63,868067.64,836.53,60.25,0.00,346226.52,725028293.16,731340.17,456187.20,137768296.96,0.00,79724017.78,41008229.38,0.00
2013-06-01,0.00,-4.98,12915.56,24.69,1.09,1847.20,0.00,1532.94,489.50,0.00,0.00,0.00,13201067.85,560.38,1117.24,956314.15,842.50,64.12,0.00,254010.06,783021457.99,1614478.80,734283.40,151013893.97,0.00,88568811.35,31514089.50,0.00
2013-07-01,0.00,-4.45,12806.55,30.49,0.22,1831.97,0.00,1903.63,747.14,0.00,0.00,0.00,13068577.44,617.93,236.58,905286.25,807.06,60.08,0.00,219482.87,760314002.65,1845757.23,26553.30,120572435.98,0.00,105428304.63,42137894.00,0.00
2013-08-01,0.00,-2.15,12098.47,49.86,17.46,1913.77,0.00,1762.51,1021.99,0.00,0.00,0.00,12425118.61,4183.07,12387.39,949244.76,794.15,57.54,0.00,99856.59,681912379.99,3079786.09,986902.48,125307745.82,0.00,88721212.93,58147782.61,0.00
2013-09-01,0.00,-3.06,10957.55,61.07,21.64,1832.48,0.00,1671.43,799.06,0.00,0.00,0.00,11192110.40,5220.62,15346.26,916790.90,790.70,52.95,0.00,147764.83,577172333.48,3349650.39,1162914.94,103408156.68,0.00,77884977.38,40994207.87,0.00
2013-10-01,0.00,-1.66,11534.60,35.98,3.45,1711.66,0.00,1779.90,869.25,0.00,0.00,0.00,11830042.07,2258.36,2457.66,830418.17,794.89,53.95,0.00,85094.53,623301646.23,2036449.00,190084.15,101541071.20,0.00,78431613.49,42615828.47,0.00
2013-11-01,0.00,-3.70,11437.74,10.48,0.19,1800.84,0.00,1575.74,638.65,0.00,0.00,0.00,11852717.86,478.51,207.95,859406.68,822.31,50.41,0.00,185874.65,574309020.12,569303.76,10039.12,94178766.65,0.00,75825636.91,30508027.57,0.00
2013-12-01,0.00,-2.95,11846.28,14.03,0.80,1924.28,0.00,1619.48,643.54,0.00,0.00,0.00,12254118.51,636.88,816.82,940314.35,822.41,61.59,0.00,136622.79,685777066.43,826873.92,758812.96,155146849.10,0.00,89879743.78,34814119.10,0.00
2014-01-01,0.00,-20.52,12871.73,20.99,6.44,2331.88,0.00,1161.13,734.66,0.00,0.00,0.00,13242584.74,772.19,6733.89,1172201.07,843.10,75.12,0.00,912688.69,870414507.34,1676493.44,2792446.52,248820692.12,0.00,83471546.62,42644178.53,0.00
2014-02-01,0.00,-12.24,11703.01,24.03,3.90,2057.20,0.00,1033.55,603.33,0.00,0.00,0.00,12004546.31,605.90,4037.98,1034795.82,846.31,54.68,0.00,561677.94,626821013.12,1467646.66,431484.42,126565003.33,0.00,50204452.31,29778260.79,0.00
2014-03-01,0.00,-7.57,12518.76,24.37,2.01,2148.76,0.00,1007.30,524.58,0.00,0.00,0.00,12874485.17,566.71,2283.35,1083010.35,860.78,48.46,0.00,320429.02,604144885.14,1203622.38,107654.69,105601145.60,0.00,46442211.26,23657874.19,0.00
2014-04-01,0.00,-2.91,11506.93,-0.23,1.65,2043.35,0.00,1116.47,552.76,0.00,0.00,0.00,11899949.50,2.22,1730.56,1030220.67,849.78,47.53,0.00,133786.68,548009016.72,4886.89,111762.16,98642026.72,0.00,44404527.41,23849911.53,0.00
2014-05-01,0.00,-9.30,11855.86,8.94,2.29,2268.42,0.00,1512.28,626.52,0.00,0.00,0.00,12115941.44,413.45,2375.34,1136731.96,814.97,50.03,0.00,416447.80,596794274.87,490334.45,159836.98,115290865.99,0.00,62730859.95,29182010.75,0.00
2014-06-01,0.00,-4.59,11493.20,26.28,0.95,2310.21,0.00,1675.78,837.85,0.00,0.00,0.00,11713648.48,1536.61,1001.03,1124969.41,785.89,50.38,0.00,202277.69,574114435.94,1308467.95,58148.40,122443881.99,0.00,77875507.89,37766783.12,0.00
2014-07-01,0.00,-15.80,12797.06,61.74,0.45,2192.45,0.00,1461.88,1039.51,0.00,0.00,0.00,13098826.36,5265.48,458.82,1091259.60,809.47,40.16,0.00,413001.94,497409169.00,2025335.61,92144.19,95740707.02,0.00,55096854.18,37161345.95,0.00
2014-08-01,0.00,-16.37,12834.32,46.99,0.17,2095.94,0.00,1355.04,566.86,0.00,0.00,0.00,13160086.71,4356.47,189.28,1053710.25,842.17,34.58,0.00,422491.67,425706078.72,1253963.18,18927.36,73497437.84,0.00,50606636.59,18809335.00,0.00
2014-09-01,0.00,-9.53,11655.64,57.85,0.15,1635.11,0.00,1100.30,764.61,0.00,0.00,0.00,11949627.18,4834.55,158.13,869870.86,843.49,38.37,0.00,325523.95,432128249.93,1917671.36,16608.57,66313238.05,0.00,45002811.85,25879469.80,0.00
2014-10-01,0.00,-4.21,11903.46,60.93,0.14,1832.34,0.00,970.01,782.42,0.00,0.00,0.00,12370987.51,5442.95,158.83,956562.01,857.71,28.95,0.00,79407.35,331691006.05,1403121.45,13301.69,49594987.64,0.00,32530382.37,21249476.61,0.00
2014-11-01,0.00,-11.32,11721.15,41.10,2.62,2325.43,0.00,752.58,744.83,0.00,0.00,0.00,12092146.66,3299.58,2769.29,1186138.94,852.85,34.29,0.00,244547.49,383850882.86,1395523.47,286897.82,82888140.66,0.00,30030573.92,21800233.07,0.00
2014-12-01,0.00,-4.28,12402.25,4.50,6.43,2065.04,0.00,750.18,729.31,0.00,0.00,0.00,12745712.82,217.97,6739.72,1059729.56,865.80,56.53,0.00,85965.13,639302425.84,292008.91,13437894.94,168375466.67,0.00,34754210.82,20392378.58,0.00
2015-01-01,0.00,-15.99,12941.20,14.86,15.63,1974.65,0.00,885.29,892.01,0.00,0.00,0.00,13336188.60,524.89,16383.36,1012709.08,859.83,61.80,0.00,402195.55,725357858.53,1036543.88,11910589.04,196823529.04,0.00,39603908.77,24687230.28,0.00
2015-02-01,0.00,-6.21,11936.51,17.26,2.68,1837.23,0.00,826.84,681.01,0.00,0.00,0.00,12257657.28,413.03,2813.23,938996.55,863.00,34.99,0.00,164898.89,391574626.51,621431.87,217377.75,73533735.24,0.00,33065839.38,23683015.33,0.00
2015-03-01,0.00,-14.41,12677.07,25.19,5.94,2039.10,0.00,887.49,752.17,60.62,0.00,0.00,13036011.96,760.30,6227.32,1051652.75,857.70,62.91,0.00,323938.17,715611396.77,3417769.20,15556724.49,206469232.77,0.00,45124327.31,20387580.16,2925511.22
2015-04-01,0.00,-13.90,11928.16,5.65,1.07,1677.39,0.00,992.24,706.62,162.08,0.00,0.00,12284829.60,272.41,1114.10,875586.53,851.38,34.90,0.00,380746.46,394375422.96,178395.08,104889.79,61491022.12,0.00,40086544.64,22368405.18,5526903.13
2015-05-01,0.00,-7.80,12668.80,3.43,0.36,1612.12,0.00,1210.02,1042.78,155.40,0.00,0.00,12948167.77,169.49,295.19,851575.97,827.10,33.49,0.00,183418.90,413644213.76,116387.35,39266.06,57900379.85,0.00,40902296.17,29129645.23,4882857.30
2015-06-01,0.00,-11.52,12940.46,23.69,0.83,1761.51,0.00,1469.31,703.49,126.91,0.00,0.00,13150104.11,1920.91,892.08,914211.67,826.76,37.07,0.00,319000.14,453686878.75,677786.64,336234.84,74384903.22,0.00,53640274.57,26722611.04,5146653.95
2015-07-01,0.00,-27.01,13935.68,59.06,1.95,1486.75,0.00,1455.58,1067.70,155.97,0.00,0.00,14158287.47,5445.94,2125.86,756893.96,822.84,41.92,0.00,914872.15,544334717.84,2337692.90,405681.19,88190617.33,0.00,58488017.93,40259630.75,6200833.50
2015-08-01,0.00,-23.93,12997.26,59.47,0.87,1500.51,0.00,1611.85,971.63,188.08,0.00,0.00,13224746.38,5277.94,893.94,765231.39,808.76,39.51,0.00,732453.10,487439474.60,2284851.04,290273.55,77244900.33,0.00,58785368.68,34009245.86,6839026.61
2015-09-01,0.00,-18.91,12016.83,58.20,0.59,1465.36,0.00,1312.09,748.83,237.30,0.00,0.00,12227948.81,5269.34,544.91,743937.79,820.32,52.98,0.00,731961.01,600555649.25,2616003.76,86659.33,88611091.23,0.00,86758281.51,34725698.28,11343718.04
2015-10-01,0.00,-4.19,12398.87,59.76,0.21,1423.90,0.00,938.16,836.04,415.94,0.00,0.00,12699117.93,5295.80,188.94,741474.70,836.79,38.99,0.00,106754.30,459190290.53,2195744.81,10582.11,57713547.88,0.00,47638743.20,29946778.46,18082554.28
2015-11-01,0.00,-8.51,12234.76,14.37,1.07,1840.65,0.00,804.73,783.03,1025.43,0.00,0.00,12464831.34,901.69,974.39,960896.06,804.26,46.54,0.00,296952.76,516613821.51,521006.92,181210.65,91662826.56,0.00,61436856.26,36252744.35,52146602.79
2015-12-01,0.00,-21.36,12780.92,5.90,1.99,2015.40,0.00,983.69,856.79,1135.00,0.00,0.00,12961813.04,282.62,1956.04,1047095.40,788.99,52.52,0.00,702671.94,599433071.01,280259.36,451478.72,125351407.54,0.00,83443342.81,45123815.65,65790820.39
2016-01-01,0.00,-17.20,12963.78,28.17,5.07,1595.40,0.00,1322.24,820.63,1053.22,0.00,0.00,13209715.72,815.44,5306.67,852567.23,791.64,57.60,0.00,543469.77,640349373.21,1468799.74,1251258.11,130025174.50,0.00,129510294.77,48413966.59,70337305.06
2016-02-01,0.00,-21.38,12803.33,26.23,23.03,1608.56,0.00,1092.14,680.09,1065.35,0.00,0.00,12980461.05,734.95,24086.63,874101.55,803.33,73.11,0.00,700606.00,805089870.68,3321611.37,8927575.05,207767238.51,0.00,114889064.17,33470003.03,79627161.44
2016-03-01,0.00,-40.01,13224.91,15.72,11.20,1843.18,0.00,1141.27,612.82,952.11,0.00,0.00,13470544.03,429.89,11109.32,993651.20,815.02,64.49,0.00,1629425.36,697652956.57,1232095.77,2558981.77,174244219.16,0.00,165175813.58,42525900.94,59812274.22
2016-04-01,0.00,-27.34,12223.86,-0.74,63.97,1524.58,0.00,890.75,666.16,810.27,0.00,0.00,12540084.83,0.00,63446.83,853996.65,833.21,70.43,0.00,1292004.26,739318369.92,0.00,12704496.61,145247903.96,0.00,137281277.29,39976189.59,49122111.31
2016-05-01,0.00,-48.70,12201.18,-0.32,3.85,1476.09,0.00,1247.38,1298.94,700.74,0.00,0.00,12443806.84,6.45,3643.64,789970.29,784.25,67.88,0.00,2119417.51,798607340.61,40403.60,437844.69,130547893.72,0.00,80750892.29,64803959.29,44921670.46
2016-06-01,0.00,-85.38,12637.87,11.28,8.79,1720.74,0.00,1681.79,1020.10,522.92,0.00,0.00,12803064.22,1384.16,8934.15,918316.93,783.86,100.17,0.00,3742642.02,1202516710.20,892931.85,1740564.84,220198804.54,0.00,163650563.22,87635751.76,48896122.79
2016-07-01,0.00,-63.04,13233.56,10.81,13.83,1452.36,0.00,1738.77,1242.77,625.38,0.00,0.00,13262114.81,1613.75,14447.03,779651.88,770.10,81.37,0.00,2337556.72,870920594.51,870334.81,9113842.42,277786199.91,0.00,140521128.14,107429243.48,47511834.23
2016-08-01,0.00,-17.83,13522.14,43.84,1.22,1080.61,0.00,1620.24,999.38,468.73,0.00,0.00,13633598.39,4457.04,1157.91,579481.87,802.49,50.53,0.00,612201.66,649481771.74,2156596.36,165443.18,77709865.39,0.00,83452668.78,38457850.17,19403065.31
2016-09-01,0.00,-11.47,12232.10,49.81,1.50,1151.14,0.00,1397.50,839.57,506.21,0.00,0.00,12385418.16,4834.64,1801.71,603421.94,803.86,46.89,0.00,385312.89,546836050.37,2318300.59,113430.72,66339007.46,0.00,67781283.22,35830104.41,22010136.41
2016-10-01,0.00,-19.08,11311.58,49.87,0.88,1050.37,0.00,1921.81,1209.54,684.58,0.00,0.00,11541539.09,4686.44,881.32,557865.73,746.78,50.53,0.00,855367.30,550252361.91,2713583.98,202400.53,68816023.54,0.00,81479139.12,45325195.59,31869448.74
2016-11-01,0.00,-23.48,11727.40,57.53,1.61,1333.87,0.00,1628.76,910.78,740.68,0.00,0.00,11977501.47,5004.91,1485.21,704884.53,774.79,69.48,0.00,979165.32,755496777.81,4004634.96,433966.89,116330008.68,0.00,113531736.89,38874635.43,59680919.24
2016-12-01,0.00,-17.03,13002.81,41.32,3.19,1055.85,0.00,1387.99,884.98,738.13,0.00,0.00,13225215.74,3235.03,3184.63,567654.79,807.11,56.44,0.00,700299.23,668253884.43,2748295.43,3378723.61,105389984.20,0.00,67637512.61,38303430.12,49155564.74
2017-01-01,0.00,-55.24,13785.76,15.74,33.62,1830.46,0.00,818.20,856.63,741.19,0.00,0.00,13951706.75,366.92,35271.20,981899.24,830.41,129.82,0.00,2687557.57,1623154201.09,4459839.32,22494182.55,378576612.22,0.00,100421038.24,60778765.24,109358206.29
2017-02-01,0.00,-51.39,12250.66,16.13,41.55,1829.80,0.00,908.81,820.00,668.27,0.00,0.00,12359251.64,339.16,43547.56,984995.67,812.20,204.75,0.00,3920815.90,2173818193.37,3181500.17,40771133.54,571185414.21,0.00,239895449.44,92845082.04,154423820.82
2017-03-01,0.00,-32.46,13146.46,15.16,5.74,1977.28,0.00,691.70,881.52,598.47,0.00,0.00,13275450.04,380.05,6093.36,1043722.41,828.84,97.94,0.00,2127321.10,1196605638.19,1351317.19,2233720.86,242300330.51,0.00,82258134.19,79065664.90,68669643.61
2017-04-01,0.00,-23.80,11265.63,3.49,0.03,1995.63,0.00,659.15,662.93,531.03,0.00,0.00,11054775.92,168.92,57.68,1066950.24,803.09,107.91,0.00,2065336.76,1171021236.00,340343.39,6251.04,227022216.60,0.00,82019101.27,67445047.58,55177274.61
2017-05-01,0.00,-17.94,12336.56,5.36,1.26,1820.18,0.00,1343.23,809.89,442.51,0.00,0.00,12019659.15,258.23,1662.39,958788.19,775.36,97.85,0.00,1398883.63,1150170315.69,513563.34,217682.27,200268451.56,0.00,153250819.27,77016141.22,40374882.44
2017-06-01,0.00,-10.70,13018.90,17.09,0.34,1955.35,0.00,1403.55,474.83,389.57,0.00,0.00,12670629.98,1275.88,304.74,1009458.14,793.19,89.97,0.00,821579.63,1119385542.76,1282229.38,47375.42,193343511.04,0.00,147123011.98,44643883.45,32039768.59
2017-07-01,0.00,-34.16,12919.49,57.40,0.54,1781.77,0.00,1423.91,1335.05,466.29,0.00,0.00,12458725.71,5406.76,741.26,937748.79,746.65,99.16,0.00,2558512.85,1203023129.64,4457276.84,72422.49,200471080.08,0.00,172790532.89,135993683.18,39875053.22
2017-08-01,0.00,-22.47,12595.48,53.75,5.25,1731.52,0.00,1487.67,1214.23,582.36,0.00,0.00,12271541.72,4794.92,4116.77,882360.79,745.86,100.01,0.00,1799196.39,1209954412.77,4400868.76,844207.33,193812404.46,0.00,161648776.10,106989631.47,49296984.26
2017-09-01,0.00,-15.00,11232.83,51.20,1.32,1555.05,0.00,1271.51,1461.16,682.05,0.00,0.00,10973130.34,4389.17,1281.98,779821.63,724.05,83.77,0.00,1161050.78,938146941.04,4141861.99,166056.94,131893457.05,0.00,99999642.21,108377385.29,52335492.09
2017-10-01,0.00,-30.66,11420.69,38.39,3.51,1590.03,0.00,1329.03,1011.32,697.41,0.00,0.00,11133230.25,3189.12,3610.86,768166.98,741.50,79.16,0.00,2209084.78,900834327.94,3298605.47,386614.72,127455128.60,0.00,98222167.17,66467839.04,53831838.67
2017-11-01,-0.23,-22.94,11557.76,55.47,2.77,2163.45,0.16,832.83,859.40,765.68,0.00,0.00,11138106.46,4917.43,2728.97,1103828.27,755.48,82.69,23035.97,1451472.65,900095980.44,3624408.26,260916.57,198407167.91,23263.66,85963906.41,71729887.13,66593300.96
2017-12-01,-3.07,-72.54,12790.29,19.23,0.73,1894.00,2.48,754.67,975.98,863.64,0.00,0.00,12410780.43,598.23,632.78,945325.53,775.44,80.51,239673.62,4640639.42,993179494.57,1400657.21,76835.72,164488912.73,241194.77,73673956.51,75636692.73,71770006.10
2018-01-01,-3.67,-15.09,13389.56,21.51,4.96,1916.16,2.94,1089.19,976.94,870.12,0.00,0.00,13025141.23,617.70,5314.47,962087.82,766.64,107.54,338977.36,927978.66,1205079731.12,1675542.92,8278465.00,333829454.58,1370879.84,173796798.51,104227619.74,117674555.84
2018-02-01,-4.09,-10.57,11989.31,16.25,5.85,1556.51,3.43,937.00,964.36,733.68,0.00,0.00,11651833.31,428.79,6218.81,776113.37,767.96,85.88,337975.01,674958.33,948382714.41,1227935.71,2069428.03,174092861.68,546607.30,99056227.06,80357972.34,72868599.28
2018-03-01,-3.23,-4.34,12406.65,1.85,1.08,1566.26,2.57,1114.80,1134.15,731.92,0.00,0.00,12019499.19,108.88,1173.84,765894.09,754.30,70.43,215035.37,237406.85,842870727.84,157191.27,76655.20,119244485.18,246161.62,88419225.04,78977484.70,52447668.34
2018-04-01,-4.16,-21.87,11574.77,4.11,1.03,1397.01,3.33,1403.75,872.94,640.30,0.00,0.00,11295261.66,203.69,1252.07,721313.38,757.22,75.07,295141.42,1294832.60,829681589.43,290773.35,1017828.98,121723953.34,547066.73,115907031.11,61151142.80,49698777.05
2018-05-01,-5.02,-26.34,12333.59,2.01,0.42,1345.46,4.18,1510.16,1215.26,552.85,0.00,0.00,12031488.38,113.75,473.74,708658.89,752.44,77.19,363442.61,1513605.34,918297140.66,161078.10,63860.38,116309270.25,481997.39,127584230.78,87522635.35,37161080.61
2018-06-01,-3.97,-47.11,12607.99,7.89,1.89,1504.71,3.27,1939.74,1051.07,513.57,0.00,0.00,12309526.24,316.46,1838.38,793753.58,745.51,95.87,320617.83,2949567.53,1154447088.81,671538.25,371634.43,174068503.43,509090.49,185220442.85,87386509.56,39258892.06
2018-07-01,-4.07,-14.56,12817.76,24.70,2.93,1198.25,3.32,1823.36,1622.03,631.17,0.00,0.00,12525423.07,700.13,3602.79,613621.21,725.96,76.47,145134.80,776850.98,938112468.28,1760886.61,3619108.35,145124901.52,629683.22,113877161.54,104269995.70,39302009.29
2018-08-01,-4.41,-36.87,12049.83,38.99,1.00,1362.82,3.62,1953.11,1636.34,817.63,0.00,0.00,11795001.21,1031.91,780.08,697403.57,701.05,86.16,178570.64,2323958.87,1047731334.82,3233475.43,155906.88,137767836.48,359730.11,115800434.85,109828912.25,54938968.86
2018-09-01,-3.91,-89.74,11350.68,36.12,0.42,1216.66,3.11,1492.60,1220.89,957.71,0.00,0.00,10978823.95,918.03,367.63,625109.37,717.06,91.79,247988.97,5580116.24,1018053200.12,2935266.56,56568.48,138180106.92,353118.29,117206506.49,93367894.87,69526976.18
2018-10-01,-4.13,-66.97,11897.30,34.00,1.23,985.89,3.35,1069.03,1218.27,1049.16,0.00,0.00,11488840.40,838.76,1574.96,518584.55,741.94,91.51,337677.39,4137191.53,1051358729.24,2678679.61,162929.87,106046571.60,434357.67,110658976.71,105601926.06,86940957.15
2018-11-01,-5.38,-82.82,11451.79,24.87,1.21,1135.20,4.42,1158.74,1171.79,1238.50,0.00,0.00,11032157.59,679.00,1358.10,577177.79,721.28,93.02,460066.14,5540514.14,1039971094.10,2250799.34,116408.69,121830744.32,510074.79,109387654.76,102822963.48,107023894.64
2018-12-01,-4.70,-67.52,12410.33,19.75,1.85,1062.67,3.97,1214.97,1228.91,1344.06,0.00,0.00,12009846.02,581.20,1901.64,537578.86,729.04,88.73,332991.59,4107426.95,1060077857.61,1703189.52,481707.25,118031685.11,455935.77,105893880.00,100988494.87,122780353.25
2019-01-01,-5.35,-105.19,13274.80,17.71,3.68,1995.59,4.16,1151.67,1135.05,1406.10,0.00,0.00,12815998.71,457.45,3964.25,1036052.64,733.99,185.08,664672.77,7562964.35,1836446912.34,1806340.33,27591306.09,705524798.35,3310400.17,386842116.44,186732886.52,254539906.26
2019-02-01,-4.64,-71.11,11483.05,18.54,2.47,1599.76,3.60,745.17,1205.60,1211.55,0.00,0.00,11155243.29,521.33,2657.65,792124.10,737.96,100.20,385309.99,4716337.98,1080123657.16,1604589.60,398941.89,188451757.42,488308.80,101714225.84,114010143.03,121107850.21
2019-03-01,-6.21,-52.48,12579.09,18.46,1.51,1751.23,5.04,808.95,1169.34,1182.16,0.00,0.00,12281039.97,468.63,1655.41,861272.56,752.96,109.19,515643.79,3263002.92,1233249510.30,1485378.08,4026322.28,254585254.96,1524306.13,135976316.74,114954370.69,135019543.72
2019-04-01,-5.95,-40.03,11309.71,5.61,1.90,1140.62,4.67,921.38,1232.57,1062.99,0.00,0.00,10906773.97,266.88,2016.18,596197.80,735.94,84.19,493407.64,2281595.08,907841914.81,415343.00,235002.46,110501509.56,496531.66,97449849.86,101289426.95,79720730.34
2019-05-01,-6.55,-35.43,11822.96,0.11,2.86,1481.10,5.17,1284.25,1478.57,887.85,0.00,0.00,11446306.30,35.17,3018.55,784768.81,723.02,83.52,463587.80,1999959.56,955139865.70,62175.54,316919.21,137484586.40,519164.89,122715991.92,117600249.00,61594095.93
2019-06-01,-7.15,-44.84,12066.95,18.40,5.17,1586.04,5.89,1636.51,1315.96,797.74,0.00,0.00,11776641.22,400.97,5118.03,815138.61,724.79,97.09,577137.97,2783000.23,1123495170.57,1467213.41,881098.45,181461265.24,770612.28,184440489.96,106643870.41,60128709.87
2019-07-01,-7.37,-77.03,12128.46,27.96,1.79,1607.10,5.88,1547.27,1731.04,975.68,0.00,0.00,11737266.38,751.94,1838.32,801499.35,699.04,76.67,309500.37,4025885.90,902169778.76,1895112.53,151240.73,142511884.49,597218.43,129454456.06,117803306.22,55402514.45
2019-08-01,-8.65,-85.51,11626.92,36.65,1.95,1848.14,7.11,1462.44,1703.66,1246.60,0.00,0.00,11276129.29,929.35,1908.69,928792.77,684.32,87.83,487382.59,4098178.64,968356444.23,2302464.38,215372.25,198388019.85,1043022.19,144418595.23,119412545.38,59151270.13
2019-09-01,-8.07,-52.54,10304.29,31.78,1.39,1709.45,6.60,1208.46,1453.93,1446.04,0.00,0.00,10014237.61,817.48,1257.35,885992.96,677.11,88.99,473519.59,2792713.79,887501140.14,2049043.56,280501.51,180750968.59,792249.73,103279315.32,103846944.45,70683925.78
2019-10-01,-7.56,-74.11,10609.83,21.19,2.04,1735.67,6.21,971.75,1404.89,1659.47,0.00,0.00,10367449.69,568.36,1840.08,875096.09,688.63,95.21,329250.98,4704335.46,974826843.10,1659527.43,352735.82,177210578.83,636425.13,109848404.74,102400927.78,113230359.60
2019-11-01,-7.68,-53.31,10823.99,22.38,1.40,1137.85,6.26,999.27,1590.73,1842.05,0.00,0.00,10530879.08,560.63,1271.15,566444.07,678.31,67.76,272699.46,2471462.39,728290491.93,1446619.78,128681.92,82261662.19,382904.24,72870258.64,93318312.39,92453296.97
2019-12-01,-8.11,-30.46,12019.50,18.58,1.32,1119.97,6.73,992.86,1512.77,2050.69,0.00,0.00,11704576.68,562.75,1474.52,578623.19,694.71,63.68,392703.52,1283651.98,679224323.48,1086942.82,3121583.34,129778277.68,1526913.49,69156526.16,88253278.89,112423493.37
2020-01-01,-7.36,-47.12,12621.76,11.06,1.92,1362.11,6.09,1074.44,1431.45,1786.85,0.00,0.00,12289979.06,286.35,1848.45,676167.45,710.93,156.87,589485.94,2429210.01,1643908962.51,689528.52,5961552.27,369691428.43,2021028.05,275757656.91,128067282.70,225752159.70
2020-02-01,-4.96,-54.56,11425.70,18.83,3.71,1443.04,3.80,1049.23,1212.45,1560.02,0.00,0.00,11156704.22,384.83,3769.72,713546.57,712.87,57.24,104700.06,2677806.58,630826569.07,1028921.12,1159032.41,101010698.73,228864.00,55791669.19,55620481.69,83131729.72
2020-03-01,-6.20,-30.98,11111.29,3.09,0.28,1363.78,4.88,1068.16,1532.04,1644.18,0.00,0.00,10858019.71,71.34,435.41,660358.00,690.15,44.80,172167.68,894546.99,491557421.33,190297.69,51446.53,66645575.54,221044.10,45101289.12,58726387.84,67213984.06
2020-04-01,-6.65,-39.38,10381.19,0.48,0.10,1050.43,5.14,1228.37,1448.64,1386.63,0.00,0.00,10121313.81,44.47,221.48,513965.06,688.16,38.30,163493.36,698420.33,400987132.16,34588.50,9172.86,46661034.22,204127.89,38450805.21,39590666.36,38542167.15
2020-05-01,-7.39,-40.53,11139.06,-0.52,0.11,1279.40,5.72,1479.79,1728.95,1215.78,0.00,0.00,10807852.85,1.00,163.39,626395.51,680.60,39.29,217105.50,371941.80,427914767.25,3033.01,6620.27,58402597.44,251530.89,61649866.79,55914145.22,29090809.79
2020-06-01,-7.75,-41.28,11717.12,13.94,0.46,1555.90,6.24,1527.47,1492.89,1049.72,0.00,0.00,11448049.51,290.49,517.55,752028.81,704.65,46.95,287750.13,1026221.95,530475866.70,453463.75,159064.38,87551914.62,601448.73,75590763.75,54104165.11,33105038.96
2020-07-01,-7.03,-35.70,12093.57,14.66,0.21,1991.98,5.42,1541.34,1389.74,1173.28,0.00,0.00,11685150.28,334.05,268.96,994158.96,697.95,52.74,330536.21,771297.40,600924117.47,607316.24,20073.92,122082494.20,456019.47,100991466.52,64933299.71,42847082.32
2020-08-01,-7.24,-47.63,11540.57,21.92,0.58,1426.37,5.75,1221.90,1991.26,1472.77,0.00,0.00,11153214.74,591.31,704.01,719160.73,673.64,48.91,200498.79,379075.36,530706312.14,703566.35,34371.82,81489036.25,436698.67,77808582.34,84849607.83,36533633.60
2020-09-01,-11.68,-51.81,10188.02,31.47,0.34,783.40,9.71,1047.54,2060.42,1734.29,0.00,0.00,9901449.53,792.52,340.43,399229.26,652.36,36.10,-78310.80,449103.51,367288480.52,909618.69,16812.02,28463656.18,252344.00,45225185.28,54919984.14,25832844.00
2020-10-01,-11.96,-47.53,10093.21,30.71,0.59,1069.65,10.15,1205.12,1762.67,1975.44,0.00,0.00,9812637.22,781.37,712.89,514337.34,642.00,48.31,112954.51,913437.19,475468367.40,1136261.33,40580.55,57242146.70,646884.76,68271797.01,60489092.94,62420424.67
2020-11-01,-11.07,-53.72,10539.02,25.83,0.92,928.33,9.49,951.76,1713.48,2386.53,0.00,0.00,10244971.82,616.69,954.00,457232.76,649.08,57.19,168790.10,1474618.68,577846565.78,1236399.48,81692.89,57897443.88,546802.66,74376076.27,73253185.51,111539382.70
2020-12-01,-15.48,-56.74,11069.66,11.65,4.19,909.73,13.04,919.86,1909.95,2359.13,0.00,0.00,10789342.75,313.87,4339.46,448782.83,656.51,57.14,817.72,1996675.37,607852909.68,676578.33,626661.30,63370784.21,365020.50,78127761.01,50611711.24,112248144.03
2021-01-01,-14.05,-26.77,11350.13,11.20,1.84,855.59,11.50,1026.79,1863.48,2402.18,0.00,0.00,11106062.79,258.38,2008.16,413135.32,659.05,38.02,108663.57,746929.54,414384268.62,473882.06,684500.76,43814152.99,553757.50,45181880.99,50430756.04,66940723.80
2021-02-01,-8.53,-10.42,10454.56,14.62,1.56,724.60,6.90,979.44,1573.46,2096.96,0.00,0.00,10247102.30,336.62,1712.80,355735.62,669.79,35.57,-55567.34,311878.03,365956514.18,590832.00,363694.38,34821293.08,253675.30,36266460.69,39726154.77,53215570.92
2021-03-01,-9.54,-28.70,11146.38,1.79,2.77,844.74,7.71,1223.32,1700.43,2008.12,0.00,0.00,10931835.28,118.68,3014.02,420896.93,672.06,43.85,271938.96,682362.37,451260730.86,101959.47,6512847.93,76809573.92,1132696.66,46940195.65,56482977.45,51086658.16
2021-04-01,-11.77,-54.23,10563.79,0.88,2.11,862.60,9.37,1312.62,1481.62,1794.01,0.00,0.00,10249548.37,62.41,2264.16,453163.76,670.70,57.07,373834.11,1136336.63,597560682.49,71259.44,391460.34,75343028.37,890957.65,68015376.23,53109434.67,52975017.36
2021-05-01,-12.80,-53.61,11186.20,0.84,19.82,1085.20,10.24,1493.79,1834.74,1513.64,0.00,0.00,10876319.68,62.42,20695.38,586209.76,672.40,111.88,399232.59,1291050.90,1163141867.31,86479.54,14509443.94,215049113.82,1922569.22,195738444.59,97884447.67,67224750.02
2021-06-01,-12.93,-89.85,11034.44,14.90,14.87,1849.94,10.37,1710.65,1919.66,1216.41,0.00,0.00,10648502.71,338.88,15544.63,959679.55,657.90,168.19,740853.34,4382419.76,1800484316.66,2912937.92,11526734.27,461940250.75,1286530.70,264235639.11,164171237.71,92716940.75
2021-07-01,-14.58,-146.53,11919.02,25.98,33.19,1378.80,11.92,1540.26,2472.71,1421.31,0.00,0.00,11650225.17,567.81,34773.00,703629.52,664.58,126.20,761144.05,7438778.72,1494711968.05,3743520.18,14956325.24,275659266.78,1742003.68,176932343.30,169119110.10,97388329.63
2021-08-01,-14.03,-59.04,10880.66,32.88,3.25,1106.68,11.28,1426.66,2233.58,1879.40,0.00,0.00,10557514.36,826.75,3568.29,557462.88,635.34,57.37,142669.77,786047.09,643410230.86,1871208.24,412543.27,88026664.85,918339.56,63016175.37,84883107.86,36222992.44
2021-09-01,-11.40,-67.39,9633.76,20.93,3.50,792.64,9.11,1338.68,2148.43,2242.29,0.00,0.00,9321703.36,543.29,3836.73,382385.71,602.62,46.73,-139379.72,-195510.19,481962482.39,1353730.91,451905.19,50092736.32,503870.30,49182879.44,54465840.09,22397183.52
2021-10-01,-14.13,-68.89,9783.18,27.54,8.04,724.25,11.45,1343.34,1919.74,2676.39,0.00,0.00,9521322.79,708.85,8579.13,365765.46,603.04,52.11,-204295.90,-518854.37,547078672.93,2066833.74,1422897.85,50955664.37,693581.48,51178954.94,47820764.62,36114887.75
2021-11-01,-20.86,-53.22,9792.51,18.49,2.53,695.63,16.38,1340.64,1928.97,2412.52,0.00,0.00,9478448.45,480.23,2773.97,351942.15,609.51,70.03,253603.94,1902241.04,716322909.38,1955251.47,558800.88,71472348.96,955425.82,74814445.66,71119228.79,121938747.77
2021-12-01,-17.54,-72.86,10247.57,12.06,5.90,781.14,12.54,1069.44,1886.39,3329.23,0.00,0.00,9993701.18,317.71,6361.10,383382.59,601.82,90.32,368001.70,2983270.27,888367485.38,1536998.86,10027496.30,163126698.45,2064007.86,94734935.97,83703587.94,154114531.97
2022-01-01,-19.89,-87.48,11115.10,12.29,3.68,1012.51,12.98,1190.91,2019.09,3076.19,0.00,0.00,10900064.73,255.61,4027.49,499556.98,621.96,102.64,887455.34,6779556.20,1090717769.21,1621649.27,5467447.45,196455383.91,2916104.36,128832023.67,119884304.18,254645034.66
2022-02-01,-27.46,-78.16,9566.99,6.42,3.01,887.88,13.81,1000.91,1911.06,2805.04,0.00,0.00,9292064.83,138.08,3240.33,437213.03,604.91,111.78,1043229.75,4967192.08,1053520061.09,1384790.30,10587072.90,188382824.16,1211756.30,116436654.23,119269993.38,229613331.77
2022-03-01,-31.41,-57.96,10806.52,-0.50,1.77,1112.09,16.77,1132.06,1868.45,2624.91,0.00,0.00,10577682.66,0.00,1987.18,538317.84,636.31,112.13,1379170.39,4732525.82,1208128814.20,0.00,4993226.87,200551172.25,1994788.92,129424989.63,118256272.16,193043416.47
2022-04-01,-41.69,-105.70,9802.26,-0.44,4.30,1181.58,25.14,1109.82,1816.31,2043.88,0.00,0.00,9517929.77,0.00,4720.11,645414.11,642.11,192.04,4296981.02,11272481.66,1891404308.73,0.00,2992629.02,278002921.62,5892240.44,219571955.78,261841115.01,261213921.98
2022-05-01,-40.66,-160.87,10311.49,-0.56,19.62,1649.46,29.08,1894.35,1980.69,1625.06,0.00,0.00,10080704.34,0.00,21847.50,865999.97,633.74,317.08,6733872.91,37008905.62,3231304161.97,0.00,19959845.15,642330738.91,14661637.06,598331267.11,480254183.58,353260067.85
2022-06-01,-34.47,-176.39,10289.23,5.73,32.21,2014.78,27.26,1885.32,2574.31,1539.95,0.00,0.00,10003497.79,125.40,33784.97,1049777.86,610.60,383.89,7147901.19,44898623.02,3932433327.25,1840216.50,15189522.74,896944472.12,15301681.32,756427314.70,742427429.05,391469519.56
2022-07-01,-40.03,-177.57,11277.00,3.94,12.29,1850.26,33.86,1760.20,2416.36,1772.53,0.00,0.00,10903871.86,89.65,9569.73,968058.27,628.36,392.38,8230251.34,36362993.87,4306224185.90,1259943.58,10065074.66,971783467.41,17837996.75,733913811.92,690006850.95,393388769.01
2022-08-01,-38.45,-128.94,10699.71,25.17,1.53,1178.33,31.79,1491.56,2752.31,2104.09,0.00,0.00,10348654.07,509.43,1374.44,620963.40,605.59,150.90,2396838.50,4662158.87,1568009248.35,3577580.26,2411075.85,278323989.33,8856232.70,270382712.83,275199516.45,140785454.31
2022-09-01,-33.39,-148.09,9838.51,25.84,2.60,834.23,27.61,1445.41,2224.36,2449.11,0.00,0.00,9609084.83,523.17,2912.89,429770.08,602.56,154.06,1660924.55,5042190.01,1513291489.15,4291613.48,2231618.78,175744878.60,6814803.63,242779583.77,249150977.45,166238699.75
2022-10-01,-30.95,-84.77,9730.03,22.98,0.48,802.00,25.07,1306.70,2137.28,2724.91,0.00,0.00,9506481.71,490.63,509.34,412192.67,596.36,144.41,1087490.79,5782495.40,1438861777.62,3601749.80,88417.76,144744732.13,4693289.85,201489935.45,216151445.67,213031072.58
2022-11-01,-22.37,-108.83,8705.02,30.85,2.02,672.49,17.72,1355.35,2072.07,3436.85,0.00,0.00,8497626.83,779.65,2716.09,348505.23,547.59,107.97,487383.78,3012803.29,978740656.43,3854276.07,506619.55,100934726.04,2524897.57,181241436.08,132275816.54,158883139.96
2022-12-01,-19.73,-142.34,9345.73,19.58,0.51,524.10,15.30,1068.63,2163.86,3927.32,0.00,0.00,9180118.85,529.50,540.38,272695.53,559.30,76.44,-62048.27,121865.22,728691013.60,1926543.21,70985.97,59597993.89,1660594.41,103084609.58,105365155.88,74155876.77
2023-01-01,-19.88,-99.67,10293.52,7.05,2.81,717.89,14.48,1144.23,2049.46,3757.78,0.00,0.00,10106230.60,294.67,3740.59,356973.37,585.82,90.33,338363.63,3986594.79,929379999.68,778596.55,341788.93,94326331.04,1664057.58,124668661.10,124525482.04,195103265.75
2023-02-01,-20.87,-89.46,9713.72,2.90,4.47,630.46,16.86,903.62,2033.28,3456.64,0.00,0.00,9426065.68,144.21,4775.74,321544.14,585.68,92.23,478451.87,2703183.14,856138827.16,313387.33,3909737.55,115453864.25,3199303.58,99280090.21,138017237.64,177207312.31
2023-03-01,-22.34,-81.60,10550.54,0.38,2.73,1057.30,17.02,1164.13,2010.20,3151.25,0.00,0.00,10243562.05,26.16,2832.76,508853.93,602.55,113.73,760734.14,3995408.34,1201105822.39,54547.15,4643633.67,189407260.16,3225588.95,155895484.61,133441347.00,176927809.93
2023-04-01,-27.68,-121.43,9406.21,-0.31,4.31,886.84,22.89,1193.08,1907.88,2666.45,0.00,0.00,9173773.05,0.03,4664.49,441695.24,603.59,109.22,1188449.13,3262469.94,1053878466.25,68.13,1131599.47,138190661.01,3679117.71,135267996.94,130742195.31,125397007.86
2023-05-01,-37.93,-111.55,10523.95,0.00,5.48,1355.88,31.15,1534.47,2256.63,2376.97,0.00,0.00,10317671.09,11.70,5752.16,674979.55,613.24,180.12,3204250.75,6617076.77,1870422448.05,257114.78,4127232.31,384652027.03,9817373.37,273548793.28,261206873.55,180626037.06
2023-06-01,-38.50,-81.69,10432.70,19.00,5.59,971.64,31.26,1568.11,3072.36,1901.64,0.00,0.00,10140771.45,385.99,5671.43,488510.79,594.75,96.70,1346951.17,3079508.52,1039444963.35,2093818.48,2329757.10,165625061.85,4443932.70,143008497.54,149339060.67,86168985.56
2023-07-01,-42.30,-86.79,10692.92,6.96,0.64,951.80,34.78,1708.39,2871.38,2179.99,0.00,0.00,10392874.25,153.32,766.07,472506.02,593.21,79.21,1032899.81,1285962.14,891297302.58,727391.96,130213.74,125567349.35,4710384.92,118327495.07,114613792.15,52913281.29
2023-08-01,-48.61,-115.18,10160.80,43.85,4.21,1012.37,39.97,1617.46,2251.78,2778.22,0.00,0.00,9972905.88,1222.24,4766.74,499610.55,590.51,92.58,1515349.31,-272246.33,876245059.65,3562349.52,4064892.84,223115893.44,9461078.93,147885038.61,115620042.82,47710285.40
2023-09-01,-51.51,-169.28,8840.14,41.26,0.22,595.44,41.94,1207.19,2250.39,3484.75,0.00,0.00,8606823.28,1137.49,329.66,312844.28,549.31,59.10,-699723.88,-2381199.88,545017624.13,2640919.58,53533.05,62109191.29,4334958.68,80550740.95,73496113.79,-19838205.61
2023-10-01,-44.53,-154.27,8842.17,52.72,0.24,445.38,34.67,1131.05,2598.83,3878.08,0.00,0.00,8625028.15,1559.17,265.51,233714.15,527.91,40.88,-918973.50,-3999959.55,386725239.31,2251256.90,14037.80,28957250.73,2493823.08,64886214.35,59989030.78,-38159272.66
2023-11-01,-45.09,-102.67,8954.82,42.33,2.76,730.91,35.23,1098.49,2033.37,3842.59,0.00,0.00,8721565.73,1185.50,2588.66,370150.98,548.16,76.25,273888.03,555815.73,674811461.37,3567637.67,1090816.09,95084050.25,4213514.61,109343057.20,110278816.32,98957299.52
2023-12-01,-44.29,-105.24,9780.97,23.82,2.27,704.62,34.11,1019.35,2310.81,4289.84,0.00,0.00,9434928.12,826.69,2408.38,361650.81,543.94,77.38,16395.86,1033268.69,759641237.34,1902989.26,1672284.65,106552864.67,5066278.50,90396864.63,104384713.75,184229712.91
2024-01-01,-46.21,-102.16,10622.03,14.77,12.99,720.93,35.08,912.02,2264.39,4172.99,0.00,0.00,10320174.88,516.39,13561.83,377550.35,575.69,110.76,117349.62,4418585.31,1147355145.77,1419273.28,15783914.38,221811528.97,10215272.22,119832817.59,117423916.74,255575529.06
2024-02-01,-49.16,-111.21,10153.22,18.40,10.28,820.17,37.99,1016.95,2010.15,3977.03,0.00,0.00,9823220.78,692.06,10715.04,433923.56,574.18,129.93,712865.98,4602219.10,1164460025.94,2665975.83,9416154.92,251334123.48,12939154.61,225276589.59,166503574.72,429753653.61
2024-03-01,-53.33,-121.47,10429.46,18.09,0.49,704.65,42.02,1006.46,2215.47,3727.50,0.00,0.00,10133785.93,694.13,617.54,370419.60,584.64,74.73,867798.83,3392763.29,768346142.57,1466734.63,347668.52,84902908.15,5908522.86,92656804.37,134852615.29,183586108.86
2024-04-01,-60.02,-123.78,9842.35,23.28,1.62,769.11,48.36,1110.39,1827.56,2974.74,0.00,0.00,9581705.41,799.18,1623.22,398654.76,608.20,93.54,2116420.80,2387239.29,925179541.92,2212505.60,327355.50,103713822.66,7665589.58,111618169.20,138850627.21,108657726.05
2024-05-01,-70.23,-158.87,10962.35,19.64,4.32,1254.59,56.19,1162.38,2011.11,2485.97,0.00,0.00,10632220.44,570.26,4202.12,679627.17,638.37,189.48,5627480.29,5678862.57,1871243292.07,5281285.70,4612151.48,343844268.65,19087031.32,389755982.67,259089285.63,172726326.56
2024-06-01,-69.88,-162.12,11527.42,28.91,11.44,1718.34,56.77,1236.39,1964.64,2135.12,0.00,0.00,11206337.03,839.41,11875.27,928818.37,658.53,163.34,7293062.44,6036348.78,1777660156.22,4389865.39,4084737.73,386211559.31,13638572.55,266588705.49,235554362.56,158986052.82
2024-07-01,-80.83,-162.85,11409.74,36.05,2.54,1544.73,65.50,1263.86,2923.71,2424.65,0.00,0.00,11124947.86,985.44,2798.87,831558.27,615.65,157.10,6375895.41,5389149.49,1606160495.92,4656971.86,6369032.01,450247552.62,22516768.12,288566783.87,319916391.10,136214335.94
2024-08-01,-81.93,-188.24,9952.87,37.01,1.94,1215.22,64.63,1115.19,2934.99,2954.74,209.07,176.30,9668614.69,1185.10,1945.01,653403.87,573.41,184.28,3764909.32,2804532.32,1777240942.17,6345649.51,3772003.89,424498278.62,37244198.48,335279682.48,198182416.54,104690890.16
2024-09-01,-65.90,-206.44,8652.45,54.44,1.31,535.82,51.16,1160.57,3070.77,3439.07,347.07,419.69,8440715.14,1546.57,1429.07,297246.23,523.62,56.45,-514366.30,-4708259.99,491420660.54,3106333.47,1807011.87,78124552.81,9244682.19,72184488.21,77582775.21,-45884485.43
2024-10-01,-91.99,-160.83,8470.48,52.97,4.79,464.81,68.95,1260.72,2514.46,4291.63,284.58,474.00,8169508.39,1512.43,3417.05,260625.41,499.83,70.82,-275589.70,-2659431.28,641203982.77,4191556.30,1005012.93,59178222.40,7549006.27,112683699.59,103313888.18,37116869.98
2024-11-01,-85.85,-189.98,8731.74,50.55,8.71,883.03,65.60,1285.26,2201.35,4364.46,230.12,285.31,8457905.52,1430.21,8729.67,476929.22,516.61,189.18,3017194.60,7764664.11,1609455433.40,9684284.86,16505489.40,296780268.29,23803674.95,332710508.58,246723890.36,352629087.63
2024-12-01,-87.81,-226.17,9505.38,33.66,13.21,885.75,66.78,1012.50,2260.11,5213.82,290.57,427.27,9156552.94,1036.96,13592.63,475011.77,516.47,133.13,1579341.69,6103178.96,1262211598.51,5819337.37,8429025.34,210737162.08,16604209.54,185353455.17,170774925.52,295054904.81
2025-01-01,-92.03,-166.66,9921.26,25.13,4.32,662.75,70.29,866.31,2485.49,5039.02,232.29,347.86,9588150.73,797.12,4553.36,346158.15,528.26,102.46,448272.73,1642588.56,1004971551.36,2284349.41,7873147.14,146977405.61,15230681.99,124694003.36,168061026.22,170058431.27
2025-02-01,-88.86,-156.56,9109.65,15.12,2.06,737.72,66.94,871.90,2442.91,4427.53,214.28,261.47,8792320.30,586.32,2292.08,392486.07,527.17,97.16,1457935.97,1135272.22,831435874.30,1572554.45,1507854.51,135170152.99,16412948.16,130838268.85,184441748.87,174894778.81
2025-03-01,-100.27,-147.80,10558.52,15.58,0.18,632.82,73.89,957.87,2667.76,3859.30,145.40,156.90,10234727.79,580.08,227.69,335254.43,570.84,87.96,2642117.95,2731393.84,935093580.97,1733878.20,57821.55,84887313.34,11332571.88,126335511.42,167910288.56,118359643.31
2025-04-01,-123.31,-141.86,9333.04,0.92,0.37,748.99,95.02,1026.02,2077.46,3440.10,124.69,192.07,9189774.97,268.06,305.30,389231.37,582.11,104.78,3585694.82,985608.95,985804272.80,676342.51,121528.99,122967989.24,17520881.80,146753516.74,156792091.83,96079640.22
2025-05-01,-138.70,-152.61,10139.26,2.20,3.13,979.11,109.61,1251.30,2616.28,2860.70,198.97,95.93,9916993.55,351.69,2616.82,500596.45,589.72,110.96,7022817.85,4032936.83,1127253115.65,1279625.03,537316.65,162653304.55,21504811.28,208359441.47,166972930.46,121157333.32
2025-06-01,-174.93,-159.98,10765.81,23.26,1.62,1552.62,143.58,1375.82,2933.23,2473.89,131.31,45.46,10409263.43,924.30,1770.98,833919.60,593.92,274.69,16182507.91,7004686.18,2654539777.12,8518882.61,712782.45,878623206.46,105329400.09,605908380.29,327932714.49,167101040.52
2025-07-01,-174.49,-155.76,11139.70,44.72,3.31,1102.45,144.08,1157.41,3742.91,2735.03,190.56,114.06,10872951.87,1482.60,4284.64,569097.37,579.95,104.99,9338616.87,2601830.06,1088718647.96,4906140.87,4262085.17,262012857.83,28576242.50,156425701.10,256495584.85,97224591.41
2025-08-01,-191.92,-163.95,10382.81,41.11,0.62,1207.67,155.42,1140.09,3192.02,3338.08,194.76,284.49,10109892.54,1317.06,669.45,626277.15,562.15,104.80,8042902.53,889220.15,1071417308.87,4457679.37,162518.86,186269869.58,27108831.28,170368674.41,239185814.40,91369224.42
2025-09-01,-185.07,-220.46,8267.07,37.50,1.41,634.54,150.97,1117.04,3388.46,3936.36,496.27,484.08,7935449.15,1325.57,1338.01,338755.66,483.24,71.12,1722530.42,-2342066.54,633899565.56,3196390.59,442284.16,86133538.21,19044142.24,82592871.45,153720776.28,11903440.28
2025-10-01,-213.86,-190.02,8325.61,52.37,1.92,609.35,170.41,1154.14,3170.78,4711.35,551.61,595.82,8024367.40,1669.11,1846.51,329527.61,469.73,69.92,2021044.16,-1574190.10,635926500.30,4149188.45,333451.44,71418307.21,19810741.80,86709787.41,144289045.33,51713697.55
2025-11-01,-221.77,-189.96,8333.57,36.15,1.13,488.12,175.56,1008.42,3056.95,4934.27,572.01,598.81,8065631.26,1233.37,1175.10,258361.64,472.49,67.31,-175627.60,-228636.42,602569524.53,2845538.37,372739.07,49540974.39,20040834.95,82900461.53,133119260.06,75422904.95
2025-12-01,-300.90,-185.59,8827.94,24.36,1.12,537.66,248.08,974.24,2806.78,5701.27,512.66,690.05,8511310.90,891.28,980.67,286916.47,472.24,66.52,-890153.78,848056.78,576576820.68,1876037.83,360766.74,66652528.80,22934075.33,99333585.67,131370153.68,122629654.18
2026-01-01,-317.06,-157.64,9431.75,40.74,0.49,489.37,254.58,1000.54,3086.35,5698.62,356.09,431.07,9148395.41,1336.21,554.18,267233.74,482.26,86.64,4507833.72,2723120.51,653246038.02,3023830.44,663033.76,202524490.37,59356272.84,131696617.24,187378808.59,188120355.48