Date,NSW,VIC,QLD
1981-06-01,5234889.0,3946917.0,2345208.0
1981-07-01,5239744.333333333,3950389.0,2352631.0
1981-08-01,5244599.666666667,3953861.0,2360054.0
1981-09-01,5249455.0,3957333.0,2367477.0
1981-10-01,5255268.0,3961021.3333333335,2374299.0
1981-11-01,5261081.0,3964709.6666666665,2381121.0
1981-12-01,5266894.0,3968398.0,2387943.0
1982-01-01,5273302.333333333,3972540.6666666665,2394080.3333333335
1982-02-01,5279710.666666667,3976683.3333333335,2400217.6666666665
1982-03-01,5286119.0,3980826.0,2406355.0
1982-04-01,5291939.333333333,3984840.6666666665,2412432.0
1982-05-01,5297759.666666667,3988855.3333333335,2418509.0
1982-06-01,5303580.0,3992870.0,2424586.0
1982-07-01,5307668.666666667,3996157.0,2430694.6666666665
1982-08-01,5311757.333333333,3999444.0,2436803.3333333335
1982-09-01,5315846.0,4002731.0,2442912.0
1982-10-01,5319971.0,4006049.6666666665,2447433.0
1982-11-01,5324096.0,4009368.3333333335,2451954.0
1982-12-01,5328221.0,4012687.0,2456475.0
1983-01-01,5333489.666666667,4016876.0,2460886.3333333335
1983-02-01,5338758.333333333,4021065.0,2465297.6666666665
1983-03-01,5344027.0,4025254.0,2469709.0
1983-04-01,5347004.333333333,4028736.6666666665,2473900.0
1983-05-01,5349981.666666667,4032219.3333333335,2478091.0
1983-06-01,5352959.0,4035702.0,2482282.0
1983-07-01,5356554.0,4038863.0,2485979.0
1983-08-01,5360149.0,4042024.0,2489676.0
1983-09-01,5363744.0,4045185.0,2493373.0
1983-10-01,5367467.666666667,4048289.3333333335,2496677.0
1983-11-01,5371191.333333333,4051393.6666666665,2499981.0
1983-12-01,5374915.0,4054498.0,2503285.0
1984-01-01,5379670.0,4058401.6666666665,2506671.0
1984-02-01,5384425.0,4062305.3333333335,2510057.0
1984-03-01,5389180.0,4066209.0,2513443.0
1984-04-01,5393696.333333333,4069636.6666666665,2516915.0
1984-05-01,5398212.666666667,4073064.3333333335,2520387.0
1984-06-01,5402729.0,4076492.0,2523859.0
1984-07-01,5407331.333333333,4079844.3333333335,2527898.0
1984-08-01,5411933.666666667,4083196.6666666665,2531937.0
1984-09-01,5416536.0,4086549.0,2535976.0
1984-10-01,5421608.0,4090246.0,2539676.6666666665
1984-11-01,5426680.0,4093943.0,2543377.3333333335
1984-12-01,5431752.0,4097640.0,2547078.0
1985-01-01,5438351.0,4101673.6666666665,2551202.6666666665
1985-02-01,5444950.0,4105707.3333333335,2555327.3333333335
1985-03-01,5451549.0,4109741.0,2559452.0
1985-04-01,5455870.0,4113183.3333333335,2563374.0
1985-05-01,5460191.0,4116625.6666666665,2567296.0
1985-06-01,5464512.0,4120068.0,2571218.0
1985-07-01,5469092.666666667,4123310.6666666665,2575268.0
1985-08-01,5473673.333333333,4126553.3333333335,2579318.0
1985-09-01,5478254.0,4129796.0,2583368.0
1985-10-01,5484325.0,4133337.6666666665,2587945.3333333335
1985-11-01,5490396.0,4136879.3333333335,2592522.6666666665
1985-12-01,5496467.0,4140421.0,2597100.0
1986-01-01,5503103.666666667,4143965.0,2601468.3333333335
1986-02-01,5509740.333333333,4147509.0,2605836.6666666665
1986-03-01,5516377.0,4151053.0,2610205.0
1986-04-01,5521426.666666667,4154320.6666666665,2615001.6666666665
1986-05-01,5526476.333333333,4157588.3333333335,2619798.3333333335
1986-06-01,5531526.0,4160856.0,2624595.0
1986-07-01,5537660.0,4164551.3333333335,2628555.6666666665
1986-08-01,5543794.0,4168246.6666666665,2632516.3333333335
1986-09-01,5549928.0,4171942.0,2636477.0
1986-10-01,5558035.666666667,4175908.6666666665,2640577.3333333335
1986-11-01,5566143.333333333,4179875.3333333335,2644677.6666666665
1986-12-01,5574251.0,4183842.0,2648778.0
1987-01-01,5581569.666666667,4188366.0,2653403.3333333335
1987-02-01,5588888.333333333,4192890.0,2658028.6666666665
1987-03-01,5596207.0,4197414.0,2662654.0
1987-04-01,5603050.0,4201646.333333333,2666805.0
1987-05-01,5609893.0,4205878.666666667,2670956.0
1987-06-01,5616736.0,4210111.0,2675107.0
1987-07-01,5624457.0,4214643.0,2679447.6666666665
1987-08-01,5632178.0,4219175.0,2683788.3333333335
1987-09-01,5639899.0,4223707.0,2688129.0
1987-10-01,5648672.333333333,4227453.0,2693258.0
1987-11-01,5657445.666666667,4231199.0,2698387.0
1987-12-01,5666219.0,4234945.0,2703516.0
1988-01-01,5673945.0,4239958.333333333,2710341.3333333335
1988-02-01,5681671.0,4244971.666666667,2717166.6666666665
1988-03-01,5689397.0,4249985.0,2723992.0
1988-04-01,5695367.666666667,4254179.666666667,2729297.0
1988-05-01,5701338.333333333,4258374.333333333,2734602.0
1988-06-01,5707309.0,4262569.0,2739907.0
1988-07-01,5714983.0,4268504.666666667,2746734.3333333335
1988-08-01,5722657.0,4274440.333333333,2753561.6666666665
1988-09-01,5730331.0,4280376.0,2760389.0
1988-10-01,5737638.666666667,4285350.666666667,2767215.6666666665
1988-11-01,5744946.333333333,4290325.333333333,2774042.3333333335
1988-12-01,5752254.0,4295300.0,2780869.0
1989-01-01,5758076.0,4300192.666666667,2789527.6666666665
1989-02-01,5763898.0,4305085.333333333,2798186.3333333335
1989-03-01,5769720.0,4309978.0,2806845.0
1989-04-01,5771907.666666667,4313373.333333333,2813775.6666666665
1989-05-01,5774095.333333333,4316768.666666667,2820706.3333333335
1989-06-01,5776283.0,4320164.0,2827637.0
1989-07-01,5779397.0,4324621.666666667,2834106.3333333335
1989-08-01,5782511.0,4329079.333333333,2840575.6666666665
1989-09-01,5785625.0,4333537.0,2847045.0
1989-10-01,5791443.0,4338433.0,2852699.0
1989-11-01,5797261.0,4343329.0,2858353.0
1989-12-01,5803079.0,4348225.0,2864007.0
1990-01-01,5808103.0,4353666.0,2870728.0
1990-02-01,5813127.0,4359107.0,2877449.0
1990-03-01,5818151.0,4364548.0,2884170.0
1990-04-01,5823441.0,4369229.333333333,2889207.6666666665
1990-05-01,5828731.0,4373910.666666667,2894245.3333333335
1990-06-01,5834021.0,4378592.0,2899283.0
1990-07-01,5839192.0,4382789.0,2904034.6666666665
1990-08-01,5844363.0,4386986.0,2908786.3333333335
1990-09-01,5849534.0,4391183.0,2913538.0
1990-10-01,5853855.0,4394357.666666667,2918596.3333333335
1990-11-01,5858176.0,4397532.333333333,2923654.6666666665
1990-12-01,5862497.0,4400707.0,2928713.0
1991-01-01,5869414.0,4404941.333333333,2934979.3333333335
1991-02-01,5876331.0,4409175.666666667,2941245.6666666665
1991-03-01,5883248.0,4413410.0,2947512.0
1991-04-01,5888409.0,4415731.0,2951991.6666666665
1991-05-01,5893570.0,4418052.0,2956471.3333333335
1991-06-01,5898731.0,4420373.0,2960951.0
1991-07-01,5904725.333333333,4423385.0,2965962.0
1991-08-01,5910719.666666667,4426397.0,2970973.0
1991-09-01,5916714.0,4429409.0,2975984.0
1991-10-01,5920500.0,4431300.333333333,2980803.0
1991-11-01,5924286.0,4433191.666666667,2985622.0
1991-12-01,5928072.0,4435083.0,2990441.0
1992-01-01,5934176.666666667,4438435.666666667,2997068.0
1992-02-01,5940281.333333333,4441788.333333333,3003695.0
1992-03-01,5946386.0,4445141.0,3010322.0
1992-04-01,5950198.0,4446833.0,3014614.0
1992-05-01,5954010.0,4448525.0,3018906.0
1992-06-01,5957822.0,4450217.0,3023198.0
1992-07-01,5962132.666666667,4451756.666666667,3029181.6666666665
1992-08-01,5966443.333333333,4453296.333333333,3035165.3333333335
1992-09-01,5970754.0,4454836.0,3041149.0
1992-10-01,5973110.333333333,4455963.666666667,3046478.6666666665
1992-11-01,5975466.666666667,4457091.333333333,3051808.3333333335
1992-12-01,5977823.0,4458219.0,3057138.0
1993-01-01,5982023.333333333,4459901.0,3065202.3333333335
1993-02-01,5986223.666666667,4461583.0,3073266.6666666665
1993-03-01,5990424.0,4463265.0,3081331.0
1993-04-01,5991967.666666667,4463098.666666667,3086282.3333333335
1993-05-01,5993511.333333333,4462932.333333333,3091233.6666666665
1993-06-01,5995055.0,4462766.0,3096185.0
1993-07-01,5999923.0,4463442.0,3102737.6666666665
1993-08-01,6004791.0,4464118.0,3109290.3333333335
1993-09-01,6009659.0,4464794.0,3115843.0
1993-10-01,6013163.0,4465442.0,3120890.6666666665
1993-11-01,6016667.0,4466090.0,3125938.3333333335
1993-12-01,6020171.0,4466738.0,3130986.0
1994-01-01,6025812.666666667,4468162.0,3137779.0
1994-02-01,6031454.333333333,4469586.0,3144572.0
1994-03-01,6037096.0,4471010.0,3151365.0
1994-04-01,6039670.333333333,4471669.666666667,3156432.0
1994-05-01,6042244.666666667,4472329.333333333,3161499.0
1994-06-01,6044819.0,4472989.0,3166566.0
1994-07-01,6050898.666666667,4475118.666666667,3172426.6666666665
1994-08-01,6056978.333333333,4477248.333333333,3178287.3333333335
1994-09-01,6063058.0,4479378.0,3184148.0
1994-10-01,6065996.0,4480653.666666667,3189057.6666666665
1994-11-01,6068934.0,4481929.333333333,3193967.3333333335
1994-12-01,6071872.0,4483205.0,3198877.0
1995-01-01,6077218.0,4485899.666666667,3205356.0
1995-02-01,6082564.0,4488594.333333333,3211835.0
1995-03-01,6087910.0,4491289.0,3218314.0
1995-04-01,6093793.333333333,4493412.666666667,3224669.3333333335
1995-05-01,6099676.666666667,4495536.333333333,3231024.6666666665
1995-06-01,6105560.0,4497660.0,3237380.0
1995-07-01,6111922.666666667,4500568.666666667,3243292.3333333335
1995-08-01,6118285.333333333,4503477.333333333,3249204.6666666665
1995-09-01,6124648.0,4506386.0,3255117.0
1995-10-01,6131089.0,4510041.666666667,3260659.0
1995-11-01,6137530.0,4513697.333333333,3266201.0
1995-12-01,6143971.0,4517353.0,3271743.0
1996-01-01,6149249.333333333,4520759.666666667,3277664.3333333335
1996-02-01,6154527.666666667,4524166.333333333,3283585.6666666665
1996-03-01,6159806.0,4527573.0,3289507.0
1996-04-01,6165357.666666667,4530043.333333333,3294068.6666666665
1996-05-01,6170909.333333333,4532513.666666667,3298630.3333333335
1996-06-01,6176461.0,4534984.0,3303192.0
1996-07-01,6183057.666666667,4538149.333333333,3308327.6666666665
1996-08-01,6189654.333333333,4541314.666666667,3313463.3333333335
1996-09-01,6196251.0,4544480.0,3318599.0
1996-10-01,6202350.0,4547288.0,3322592.3333333335
1996-11-01,6208449.0,4550096.0,3326585.6666666665
1996-12-01,6214548.0,4552904.0,3330579.0
1997-01-01,6221133.0,4557054.666666667,3334978.3333333335
1997-02-01,6227718.0,4561205.333333333,3339377.6666666665
1997-03-01,6234303.0,4565356.0,3343777.0
1997-04-01,6238291.0,4566669.666666667,3347657.0
1997-05-01,6242279.0,4567983.333333333,3351537.0
1997-06-01,6246267.0,4569297.0,3355417.0
1997-07-01,6251133.666666667,4572256.333333333,3360006.0
1997-08-01,6256000.333333333,4575215.666666667,3364595.0
1997-09-01,6260867.0,4578175.0,3369184.0
1997-10-01,6265566.666666667,4580835.333333333,3372920.6666666665
1997-11-01,6270266.333333333,4583495.666666667,3376657.3333333335
1997-12-01,6274966.0,4586156.0,3380394.0
1998-01-01,6281730.666666667,4591061.333333333,3384757.0
1998-02-01,6288495.333333333,4595966.666666667,3389120.0
1998-03-01,6295260.0,4600872.0,3393483.0
1998-04-01,6298773.0,4602904.666666667,3397150.0
1998-05-01,6302286.0,4604937.333333333,3400817.0
1998-06-01,6305799.0,4606970.0,3404484.0
1998-07-01,6311903.0,4610416.0,3408348.0
1998-08-01,6318007.0,4613862.0,3412212.0
1998-09-01,6324111.0,4617308.0,3416076.0
1998-10-01,6329004.0,4621320.333333333,3419885.6666666665
1998-11-01,6333897.0,4625332.666666667,3423695.3333333335
1998-12-01,6338790.0,4629345.0,3427505.0
1999-01-01,6346044.0,4634614.0,3432402.0
1999-02-01,6353298.0,4639883.0,3437299.0
1999-03-01,6360552.0,4645152.0,3442196.0
1999-04-01,6365402.333333333,4647588.666666667,3446109.3333333335
1999-05-01,6370252.666666667,4650025.333333333,3450022.6666666665
1999-06-01,6375103.0,4652462.0,3453936.0
1999-07-01,6381102.0,4656850.0,3458090.3333333335
1999-08-01,6387101.0,4661238.0,3462244.6666666665
1999-09-01,6393100.0,4665626.0,3466399.0
1999-10-01,6398723.666666667,4669611.0,3471277.3333333335
1999-11-01,6404347.333333333,4673596.0,3476155.6666666665
1999-12-01,6409971.0,4677581.0,3481034.0
2000-01-01,6417256.0,4683574.0,3486405.0
2000-02-01,6424541.0,4689567.0,3491776.0
2000-03-01,6431826.0,4695560.0,3497147.0
2000-04-01,6436736.666666667,4698395.0,3501250.6666666665
2000-05-01,6441647.333333333,4701230.0,3505354.3333333335
2000-06-01,6446558.0,4704065.0,3509458.0
2000-07-01,6452910.0,4708855.333333333,3514120.6666666665
2000-08-01,6459262.0,4713645.666666667,3518783.3333333335
2000-09-01,6465614.0,4718436.0,3523446.0
2000-10-01,6472103.0,4722575.666666667,3528187.3333333335
2000-11-01,6478592.0,4726715.333333333,3532928.6666666665
2000-12-01,6485081.0,4730855.0,3537670.0
2001-01-01,6494668.666666667,4738478.333333333,3543935.3333333335
2001-02-01,6504256.333333333,4746101.666666667,3550200.6666666665
2001-03-01,6513844.0,4753725.0,3556466.0
2001-04-01,6519345.666666667,4757021.666666667,3561467.0
2001-05-01,6524847.333333333,4760318.333333333,3566468.0
2001-06-01,6530349.0,4763615.0,3571469.0
2001-07-01,6535196.333333333,4767760.666666667,3577969.0
2001-08-01,6540043.666666667,4771906.333333333,3584469.0
2001-09-01,6544891.0,4776052.0,3590969.0
2001-10-01,6549422.0,4780772.0,3597713.6666666665
2001-11-01,6553953.0,4785492.0,3604458.3333333335
2001-12-01,6558484.0,4790212.0,3611203.0
2002-01-01,6564088.0,4796454.666666667,3617952.3333333335
2002-02-01,6569692.0,4802697.333333333,3624701.6666666665
2002-03-01,6575296.0,4808940.0,3631451.0
2002-04-01,6577133.0,4811884.666666667,3638675.0
2002-05-01,6578970.0,4814829.333333333,3645899.0
2002-06-01,6580807.0,4817774.0,3653123.0
2002-07-01,6584091.0,4821977.0,3661038.6666666665
2002-08-01,6587375.0,4826180.0,3668954.3333333335
2002-09-01,6590659.0,4830383.0,3676870.0
2002-10-01,6593586.333333333,4835263.333333333,3684843.6666666665
2002-11-01,6596513.666666667,4840143.666666667,3692817.3333333335
2002-12-01,6599441.0,4845024.0,3700791.0
2003-01-01,6604864.666666667,4851420.666666667,3708273.6666666665
2003-02-01,6610288.333333333,4857817.333333333,3715756.3333333335
2003-03-01,6615712.0,4864214.0,3723239.0
2003-04-01,6617379.666666667,4867412.333333333,3729866.3333333335
2003-05-01,6619047.333333333,4870610.666666667,3736493.6666666665
2003-06-01,6620715.0,4873809.0,3743121.0
2003-07-01,6622989.333333333,4878481.333333333,3750450.3333333335
2003-08-01,6625263.666666667,4883153.666666667,3757779.6666666665
2003-09-01,6627538.0,4887826.0,3765109.0
2003-10-01,6629861.666666667,4891942.666666667,3772926.0
2003-11-01,6632185.333333333,4896059.333333333,3780743.0
2003-12-01,6634509.0,4900176.0,3788560.0
2004-01-01,6639099.333333333,4906140.666666667,3796013.6666666665
2004-02-01,6643689.666666667,4912105.333333333,3803467.3333333335
2004-03-01,6648280.0,4918070.0,3810921.0
2004-04-01,6649098.333333333,4921096.333333333,3817270.6666666665
2004-05-01,6649916.666666667,4924122.666666667,3823620.3333333335
2004-06-01,6650735.0,4927149.0,3829970.0
2004-07-01,6653962.0,4932552.333333333,3836597.3333333335
2004-08-01,6657189.0,4937955.666666667,3843224.6666666665
2004-09-01,6660416.0,4943359.0,3849852.0
2004-10-01,6663346.0,4947955.0,3857351.6666666665
2004-11-01,6666276.0,4952551.0,3864851.3333333335
2004-12-01,6669206.0,4957147.0,3872351.0
2005-01-01,6674762.333333333,4964212.0,3880551.0
2005-02-01,6680318.666666667,4971277.0,3888751.0
2005-03-01,6685875.0,4978342.0,3896951.0
2005-04-01,6688318.666666667,4981976.666666667,3904132.0
2005-05-01,6690762.333333333,4985611.333333333,3911313.0
2005-06-01,6693206.0,4989246.0,3918494.0
2005-07-01,6697947.0,4994911.0,3925827.3333333335
2005-08-01,6702688.0,5000576.0,3933160.6666666665
2005-09-01,6707429.0,5006241.0,3940494.0
2005-10-01,6710960.333333333,5011895.0,3948387.6666666665
2005-11-01,6714491.666666667,5017549.0,3956281.3333333335
2005-12-01,6718023.0,5023203.0,3964175.0
2006-01-01,6723858.0,5031537.666666667,3972001.0
2006-02-01,6729693.0,5039872.333333333,3979827.0
2006-03-01,6735528.0,5048207.0,3987653.0
2006-04-01,6737915.333333333,5052560.0,3994432.6666666665
2006-05-01,6740302.666666667,5056913.0,4001212.3333333335
2006-06-01,6742690.0,5061266.0,4007992.0
2006-07-01,6750504.333333333,5068708.333333333,4015854.6666666665
2006-08-01,6758318.666666667,5076150.666666667,4023717.3333333335
2006-09-01,6766133.0,5083593.0,4031580.0
2006-10-01,6772808.666666667,5090383.666666667,4039668.3333333335
2006-11-01,6779484.333333333,5097174.333333333,4047756.6666666665
2006-12-01,6786160.0,5103965.0,4055845.0
2007-01-01,6795893.0,5114001.333333333,4065407.0
2007-02-01,6805626.0,5124037.666666667,4074969.0
2007-03-01,6815359.0,5134074.0,4084531.0
2007-04-01,6821624.666666667,5140556.666666667,4093360.0
2007-05-01,6827890.333333333,5147039.333333333,4102189.0
2007-06-01,6834156.0,5153522.0,4111018.0
2007-07-01,6842682.666666667,5161853.0,4118998.0
2007-08-01,6851209.333333333,5170184.0,4126978.0
2007-09-01,6859736.0,5178515.0,4134958.0
2007-10-01,6867774.666666667,5185511.0,4143302.0
2007-11-01,6875813.333333333,5192507.0,4151646.0
2007-12-01,6883852.0,5199503.0,4159990.0
2008-01-01,6895870.333333333,5210668.666666667,4170486.3333333335
2008-02-01,6907888.666666667,5221834.333333333,4180982.6666666665
2008-03-01,6919907.0,5233000.0,4191479.0
2008-04-01,6927758.333333333,5240791.666666667,4200821.0
2008-05-01,6935609.666666667,5248583.333333333,4210163.0
2008-06-01,6943461.0,5256375.0,4219505.0
2008-07-01,6953105.666666667,5266433.0,4229000.333333333
2008-08-01,6962750.333333333,5276491.0,4238495.666666667
2008-09-01,6972395.0,5286549.0,4247991.0
2008-10-01,6982190.666666667,5295461.0,4257177.666666667
2008-11-01,6991986.333333333,5304373.0,4266364.333333333
2008-12-01,7001782.0,5313285.0,4275551.0
2009-01-01,7011995.666666667,5324747.333333333,4285569.0
2009-02-01,7022209.333333333,5336209.666666667,4295587.0
2009-03-01,7032423.0,5347672.0,4305605.0
2009-04-01,7039533.666666667,5355759.333333333,4313327.0
2009-05-01,7046644.333333333,5363846.666666667,4321049.0
2009-06-01,7053755.0,5371934.0,4328771.0
2009-07-01,7062228.333333333,5380914.0,4335892.333333333
2009-08-01,7070701.666666667,5389894.0,4343013.666666667
2009-09-01,7079175.0,5398874.0,4350135.0
2009-10-01,7086618.0,5405665.666666667,4355908.0
2009-11-01,7094061.0,5412457.333333333,4361681.0
2009-12-01,7101504.0,5419249.0,4367454.0
2010-01-01,7110454.666666667,5427890.0,4374236.333333333
2010-02-01,7119405.333333333,5436531.0,4381018.666666667
2010-03-01,7128356.0,5445172.0,4387801.0
2010-04-01,7133668.0,5450481.666666667,4393448.666666667
2010-05-01,7138980.0,5455791.333333333,4399096.333333333
2010-06-01,7144292.0,5461101.0,4404744.0
2010-07-01,7150436.666666667,5466970.666666667,4410319.333333333
2010-08-01,7156581.333333333,5472840.333333333,4415894.666666667
2010-09-01,7162726.0,5478710.0,4421470.0
2010-10-01,7168447.666666667,5484377.0,4426607.333333333
2010-11-01,7174169.333333333,5490044.0,4431744.666666667
2010-12-01,7179891.0,5495711.0,4436882.0
2011-01-01,7188173.0,5503933.333333333,4443911.666666667
2011-02-01,7196455.0,5512155.666666667,4450941.333333333
2011-03-01,7204737.0,5520378.0,4457971.0
2011-04-01,7209334.333333333,5526191.0,4464240.0
2011-05-01,7213931.666666667,5532004.0,4470509.0
2011-06-01,7218529.0,5537817.0,4476778.0
2011-07-01,7225528.666666667,5546765.333333333,4483886.666666667
2011-08-01,7232528.333333333,5555713.666666667,4490995.333333333
2011-09-01,7239528.0,5564662.0,4498104.0
2011-10-01,7245926.0,5573714.0,4504952.333333333
2011-11-01,7252324.0,5582766.0,4511800.666666667
2011-12-01,7258722.0,5591818.0,4518649.0
2012-01-01,7267475.333333333,5602996.666666667,4527637.0
2012-02-01,7276228.666666667,5614175.333333333,4536625.0
2012-03-01,7284982.0,5625354.0,4545613.0
2012-04-01,7291402.666666667,5633933.0,4553304.333333333
2012-05-01,7297823.333333333,5642512.0,4560995.666666667
2012-06-01,7304244.0,5651091.0,4568687.0
2012-07-01,7312034.0,5660867.333333333,4576491.333333333
2012-08-01,7319824.0,5670643.666666667,4584295.666666667
2012-09-01,7327614.0,5680420.0,4592100.0
2012-10-01,7336139.0,5690142.0,4598501.333333333
2012-11-01,7344664.0,5699864.0,4604902.666666667
2012-12-01,7353189.0,5709586.0,4611304.0
2013-01-01,7363111.666666667,5721362.333333333,4619012.666666667
2013-02-01,7373034.333333333,5733138.666666667,4626721.333333333
2013-03-01,7382957.0,5744915.0,4634430.0
2013-04-01,7389982.0,5754166.333333333,4640561.333333333
2013-05-01,7397007.0,5763417.666666667,4646692.666666667
2013-06-01,7404032.0,5772669.0,4652824.0
2013-07-01,7412989.333333333,5783279.0,4658810.666666667
2013-08-01,7421946.666666667,5793889.0,4664797.333333333
2013-09-01,7430904.0,5804499.0,4670784.0
2013-10-01,7438915.333333333,5813861.0,4675669.0
2013-11-01,7446926.666666667,5823223.0,4680554.0
2013-12-01,7454938.0,5832585.0,4685439.0
2014-01-01,7465903.333333333,5844893.666666667,4692021.666666667
2014-02-01,7476868.666666667,5857202.333333333,4698604.333333333
2014-03-01,7487834.0,5869511.0,4705187.0
2014-04-01,7494673.666666667,5877979.666666667,4710009.0
2014-05-01,7501513.333333333,5886448.333333333,4714831.0
2014-06-01,7508353.0,5894917.0,4719653.0
2014-07-01,7517661.0,5905677.666666667,4724639.666666667
2014-08-01,7526969.0,5916438.333333333,4729626.333333333
2014-09-01,7536277.0,5927199.0,4734613.0
2014-10-01,7544908.333333333,5937303.333333333,4738829.666666667
2014-11-01,7553539.666666667,5947407.666666667,4743046.333333333
2014-12-01,7562171.0,5957512.0,4747263.0
2015-01-01,7573357.666666667,5970076.333333333,4752988.333333333
2015-02-01,7584544.333333333,5982640.666666667,4758713.666666667
2015-03-01,7595731.0,5995205.0,4764439.0
2015-04-01,7602543.333333333,6004244.0,4768856.666666667
2015-05-01,7609355.666666667,6013283.0,4773274.333333333
2015-06-01,7616168.0,6022322.0,4777692.0
2015-07-01,7625886.666666667,6034067.333333333,4782301.333333333
2015-08-01,7635605.333333333,6045812.666666667,4786910.666666667
2015-09-01,7645324.0,6057558.0,4791520.0
2015-10-01,7654016.333333333,6069388.333333333,4795991.0
2015-11-01,7662708.666666667,6081218.666666667,4800462.0
2015-12-01,7671401.0,6093049.0,4804933.0
2016-01-01,7683404.666666667,6108241.666666667,4812134.666666667
2016-02-01,7695408.333333333,6123434.333333333,4819336.333333333
2016-03-01,7707412.0,6138627.0,4826538.0
2016-04-01,7715894.0,6150142.0,4832742.666666667
2016-05-01,7724376.0,6161657.0,4838947.333333333
2016-06-01,7732858.0,6173172.0,4845152.0
2016-07-01,7744543.666666667,6184065.333333333,4851869.0
2016-08-01,7756229.333333333,6194958.666666667,4858586.0
2016-09-01,7767915.0,6205852.0,4865303.0
2016-10-01,7777151.666666667,6215828.333333333,4871181.666666667
2016-11-01,7786388.333333333,6225804.666666667,4877060.333333333
2016-12-01,7795625.0,6235781.0,4882939.0
2017-01-01,7808237.666666667,6250039.0,4890749.333333333
2017-02-01,7820850.333333333,6264297.0,4898559.666666667
2017-03-01,7833463.0,6278555.0,4906370.0
2017-04-01,7840747.333333333,6286572.666666667,4913040.0
2017-05-01,7848031.666666667,6294590.333333333,4919710.0
2017-06-01,7855316.0,6302608.0,4926380.0
2017-07-01,7865128.0,6312910.0,4932629.666666667
2017-08-01,7874940.0,6323212.0,4938879.333333333
2017-09-01,7884752.0,6333514.0,4945129.0
2017-10-01,7890150.0,6341746.0,4950407.666666667
2017-11-01,7895548.0,6349978.0,4955686.333333333
2017-12-01,7900946.0,6358210.0,4960965.0
2018-01-01,7912193.333333333,6371668.666666667,4969295.0
2018-02-01,7923440.666666667,6385127.333333333,4977625.0
2018-03-01,7934688.0,6398586.0,4985955.0
2018-04-01,7941284.0,6406736.666666667,4992844.333333333
2018-05-01,7947880.0,6414887.333333333,4999733.666666667
2018-06-01,7954476.0,6423038.0,5006623.0
2018-07-01,7964492.333333333,6433684.0,5013596.333333333
2018-08-01,7974508.666666667,6444330.0,5020569.666666667
2018-09-01,7984525.0,6454976.0,5027543.0
2018-10-01,7990871.333333333,6463215.666666667,5033840.0
2018-11-01,7997217.666666667,6471455.333333333,5040137.0
2018-12-01,8003564.0,6479695.0,5046434.0
2019-01-01,8013373.0,6492702.0,5054391.333333333
2019-02-01,8023182.0,6505709.0,5062348.666666667
2019-03-01,8032991.0,6518716.0,5070306.0
2019-04-01,8037576.666666667,6524912.333333333,5076486.333333333
2019-05-01,8042162.333333333,6531108.666666667,5082666.666666667
2019-06-01,8046748.0,6537305.0,5088847.0
2019-07-01,8054948.666666667,6547502.666666667,5096078.0
2019-08-01,8063149.333333333,6557700.333333333,5103309.0
2019-09-01,8071350.0,6567898.0,5110540.0
2019-10-01,8077020.333333333,6575282.0,5116940.333333333
2019-11-01,8082690.666666667,6582666.0,5123340.666666667
2019-12-01,8088361.0,6590050.0,5129741.0
2020-01-01,8096241.0,6598912.0,5137929.0
2020-02-01,8104121.0,6607774.0,5146117.0
2020-03-01,8112001.0,6616636.0,5154305.0
2020-04-01,8111537.333333333,6616106.0,5158074.333333333
2020-05-01,8111073.666666667,6615576.0,5161843.666666667
2020-06-01,8110610.0,6615046.0,5165613.0
2020-07-01,8106708.333333333,6607176.333333333,5168099.0
2020-08-01,8102806.666666667,6599306.666666667,5170585.0
2020-09-01,8098905.0,6591437.0,5173071.0
2020-10-01,8097370.0,6583356.333333333,5176823.666666667
2020-11-01,8095835.0,6575275.666666667,5180576.333333333
2020-12-01,8094300.0,6567195.0,5184329.0
2021-01-01,8093871.666666667,6563230.666666667,5189402.0
2021-02-01,8093443.333333333,6559266.333333333,5194475.0
2021-03-01,8093015.0,6555302.0,5199548.0
2021-04-01,8094364.0,6552808.666666667,5204970.0
2021-05-01,8095713.0,6550315.333333333,5210392.0
2021-06-01,8097062.0,6547822.0,5215814.0
2021-07-01,8096947.666666667,6546253.333333333,5220552.333333333
2021-08-01,8096833.333333333,6544684.666666667,5225290.666666667
2021-09-01,8096719.0,6543116.0,5230029.0
2021-10-01,8103498.333333333,6547081.666666667,5236576.666666667
2021-11-01,8110277.666666667,6551047.333333333,5243124.333333333
2021-12-01,8117057.0,6555013.0,5249672.0
2022-01-01,8129105.666666667,6567202.0,5260941.0
2022-02-01,8141154.333333333,6579391.0,5272210.0
2022-03-01,8153203.0,6591580.0,5283479.0
2022-04-01,8162834.666666667,6599464.0,5292621.0
2022-05-01,8172466.333333333,6607348.0,5301763.0
2022-06-01,8182098.0,6615232.0,5310905.0
2022-07-01,8196034.666666667,6629384.666666667,5321375.666666667
2022-08-01,8209971.333333333,6643537.333333333,5331846.333333333
2022-09-01,8223908.0,6657690.0,5342317.0
2022-10-01,8237288.0,6671925.0,5353770.666666667
2022-11-01,8250668.0,6686160.0,5365224.333333333
2022-12-01,8264048.0,6700395.0,5376678.0
2023-01-01,8281808.333333333,6719347.0,5389714.0
2023-02-01,8299568.666666667,6738299.0,5402750.0
2023-03-01,8317329.0,6757251.0,5415786.0
2023-04-01,8330348.333333333,6770557.0,5427269.0
2023-05-01,8343367.666666667,6783863.0,5438752.0
2023-06-01,8356387.0,6797169.0,5450235.0
2023-07-01,8373037.333333333,6813334.666666667,5462148.0
2023-08-01,8389687.666666666,6829500.333333333,5474061.0
2023-09-01,8406338.0,6845666.0,5485974.0
2023-10-01,8416670.0,6857466.666666667,5496141.333333333
2023-11-01,8427002.0,6869267.333333333,5506308.666666667
2023-12-01,8437334.0,6881068.0,5516476.0
2024-01-01,8450689.666666666,6896890.0,5527261.333333333
2024-02-01,8464045.333333334,6912712.0,5538046.666666667
2024-03-01,8477401.0,6928534.0,5548832.0
2024-04-01,8482284.0,6936009.666666667,5556518.0
2024-05-01,8487167.0,6943485.333333333,5564204.0
2024-06-01,8492050.0,6950961.0,5571890.0
2024-07-01,8501002.666666666,6961363.666666667,5579636.333333333
2024-08-01,8509955.333333334,6971766.333333333,5587382.666666667
2024-09-01,8518908.0,6982169.0,5595129.0
2024-10-01,8525085.666666666,6990241.0,5603138.333333333
2024-11-01,8531263.333333334,6998313.0,5611147.666666667
2024-12-01,8537441.0,7006385.0,5619157.0
2025-01-01,8550074.333333334,7021419.333333333,5628699.333333333
2025-02-01,8562707.666666666,7036453.666666667,5638241.666666667
2025-03-01,8575341.0,7051488.0,5647784.0
2025-04-01,8581517.666666666,7059148.0,5655134.0
2025-05-01,8587694.333333334,7066808.0,5662484.0
2025-06-01,8593871.0,7074468.0,5669834.0
