date,Battery (Charging) -  GWh,Pumps -  GWh,Exports -  GWh,Imports -  GWh,Coal -  GWh,Bioenergy -  GWh,Distillate -  GWh,Gas -  GWh,Battery (Discharging) -  GWh,Hydro -  GWh,Wind -  GWh,Solar -  GWh,Wind (Curtailment) -  GWh,Solar (Curtailment) -  GWh,Temperature Max - C,Temperature Mean - C,Temperature Min - C,Exports Emissions Vol - tCO₂e,Imports Emissions Vol - tCO₂e,Coal Emissions Vol - tCO₂e,Bioenergy Emissions Vol - tCO₂e,Distillate Emissions Vol - tCO₂e,Gas Emissions Vol - tCO₂e,Emissions Intensity - kgCO₂e/MWh,Volume Weighted Price - AUD/MWh,Battery (Charging) Market Value - AUD,Pumps Market Value - AUD,Exports Market Value - AUD,Imports Market Value - AUD,Coal Market Value - AUD,Bioenergy Market Value - AUD,Distillate Market Value - AUD,Gas Market Value - AUD,Battery (Discharging) Market Value - AUD,Hydro Market Value - AUD,Wind Market Value - AUD,Solar Market Value - AUD
1/12/1998,0,-5.59,0,0,2574.87,0,12.86,73.37,0,49.7,0,0,0,0,0,0,0,0,0,2387283.04,0,13502.58,67868.31,0,33.17,0,0,0,0,0,0,0,0,0,0,0,0
1/01/1999,0,-40.62,0,0,3264.91,0,3.58,117.25,0,104.55,0,0,0,0,0,0,0,0,0,3039010.79,0,3755.77,107601.81,0,0,0,0,0,0,0,0,0,0,0,0,0,0
1/02/1999,0,-19.44,0,0,2993.34,0,1.12,118.47,0,92.64,0,0,0,0,0,0,0,0,0,2794084.9,0,1173.05,107956.04,0,0,0,0,0,0,0,0,0,0,0,0,0,0
1/03/1999,0,-53.84,0,0,3292.72,0,11.14,146.6,0,128.64,0,0,0,0,0,0,0,0,0,3071842.16,0,11686.96,131568.82,0,0,0,0,0,0,0,0,0,0,0,0,0,0
1/04/1999,0,-15.2,0,0,3035.82,0,1.13,100.3,0,102.25,0,0,0,0,0,0,0,0,0,2816290.84,0,1188.24,93987.54,0,0,0,0,0,0,0,0,0,0,0,0,0,0
1/05/1999,0,-19.77,0,0,3146.04,0,3.38,80.71,0,105.37,0,0,0,0,0,0,0,0,0,2906493.63,0,3552.23,78325.33,0,0,0,0,0,0,0,0,0,0,0,0,0,0
1/06/1999,0,-16.59,0,0,3188.51,0,0.31,84.37,0,92.26,0,0,0,0,0,0,0,0,0,2942015.24,0,327.48,81605.72,0,0,0,0,0,0,0,0,0,0,0,0,0,0
1/07/1999,0,-7.1,0,0,3285.23,0,0,96.14,0,66.64,0,0,0,0,0,0,0,0,0,3050005.06,0,4.86,92527.2,0,0,0,0,0,0,0,0,0,0,0,0,0,0
1/08/1999,0,-33.67,0,0,3215,0,6.66,126.04,0,81.08,0,0,0,0,0,0,0,0,0,3012132.15,0,6993.63,115050.14,0,0,0,0,0,0,0,0,0,0,0,0,0,0
1/09/1999,0,-3.54,0,0,3057.21,0,0,134.03,0,55.16,0,0,0,0,0,0,0,0,0,2842148.05,0,0,125180.46,0,0,0,0,0,0,0,0,0,0,0,0,0,0
1/10/1999,0,-5.74,0,0,3239.07,0,5.61,184.43,0,64.97,0,0,0,0,0,0,0,0,0,3005891.1,0,5887.99,164994.61,0,0,0,0,0,0,0,0,0,0,0,0,0,0
1/11/1999,0,-8.87,0,0,3175.32,0,2.82,154.15,0,73.61,0,0,0,0,0,0,0,0,0,2944081.2,0,2965.01,135060.93,0,0,0,0,0,0,0,0,0,0,0,0,0,0
1/12/1999,0,-3.37,0,0,3308.17,0,0.13,182.6,0,74.42,0,0,0,0,33,22.05,16,0,0,3083770.53,0,131.57,159070.28,0,33.42,0,67889.87,0,0,107024395.9,0,5676.93,6029958.32,0,2342428.97,0,0
1/01/2000,0,-30.23,0,0,3394.57,0,15.96,176.76,0,81.45,0,0,0,0,40,24.17,17,0,0,3173351.51,0,16747.2,157698.86,0,127.39,0,10984781.54,0,0,401813785.9,0,11262442.12,30962468.23,0,15748970.8,0,0
1/02/2000,0,-8.85,0,0,3197.97,0,3.77,167.19,0,91.16,0,0,0,0,31,23.6,17,0,0,2987656.58,0,3954.62,151545.4,0,34.87,0,234060.03,0,0,108571842.3,0,229540.06,5760711.1,0,3038612.05,0,0
1/03/2000,0,-52.76,0,0,3435.45,0,22.63,218.69,0,130.24,0,0,0,0,32,23.74,18,0,0,3216686.77,0,23758.42,194189.32,0,68.87,0,4511065.88,0,0,224063932.2,0,2624765.17,16401048.45,0,9958596.94,0,0
1/04/2000,0,-22.4,0,0,3176.69,0,3.94,154.06,0,106.87,0,0,0,0,30,21.28,15,0,0,2966499.65,0,4133.77,138949.62,0,43.82,0,985348.02,0,0,133007868.5,0,514570.84,7062753.98,0,4489434.75,0,0
1/05/2000,0,-18.79,0,0,3306.59,0,1.93,125.12,0,111.01,0,0,0,0,28,18.38,7,0,0,3092624.19,0,2030.27,113712.43,0,61.34,0,561090.87,0,0,193116648.7,0,1694391.13,9930736.79,0,8803089.31,0,0
1/06/2000,0,-30.44,0,0,3354.33,0,6.33,121.44,0,95.11,0,0,0,0,27,15.02,6,0,0,3128006.01,0,6647.41,108734.94,0,43.5,0,624712,0,0,139828244.6,0,868117.02,6724611.47,0,5107170.07,0,0
1/07/2000,0,-21.24,0,0,3457.59,0,4.64,115.01,0,62.37,0,0,0,0,26,14.52,3,0,0,3215584.14,0,4873.67,102740.94,0,62.39,0,410073.79,0,0,204923086.3,0,661274.23,9533598.68,0,4606650.49,0,0
1/08/2000,0,-19.46,0,0,3415.99,0,2.25,119.39,0,39.64,0,0,0,0,28,15.97,6,0,0,3194791.76,0,2358.45,106911.15,0,45.19,0,372064.34,0,0,148341963.3,0,164326.84,6525742.11,0,2329836.38,0,0
1/09/2000,0,-5.79,0,0,3260.7,0,0.05,102.16,0,23.33,0,0,0,0,32,19.73,7,0,0,3046987.09,0,48.63,93350.88,0,31.57,0,103529.83,0,0,99585658.9,0,5465.81,3611220.94,0,790591.3,0,0
1/10/2000,0,-8.79,0,0,3418.49,0,4.35,114.07,0,29.37,0,0,0,0,35,21,13,0,0,3183865.61,0,4569.3,103277.21,0,55.28,0,159242.18,0,0,181398808.6,0,549793.7,9383676.23,0,2337899.84,0,0
1/11/2000,0,-2.82,0,0,3323.28,0,7.96,107.87,0,32.01,0,0,0,0,33,21.62,14,0,0,3095776.77,0,8356.92,98593.34,0,43.8,0,54522.02,0,0,138978877,0,369556.52,5820812.06,0,1488225.4,0,0
1/12/2000,0,-8.9,0,0,3420.75,0,5.28,100.53,0,73.48,0,0,0,0,34,24.23,17,0,0,3183659.94,0,5544.11,90649.44,0,44.81,0,184784.66,0,0,148739555,0,667838.88,6392193.21,0,3407110.58,0,0
1/01/2001,0,-15.88,0,0,3526.22,0,2.98,111.59,0,92.1,0,0,0,0,35,25.21,17,0,0,3292171.68,0,3122.72,99868.75,0,62.48,0,314602.21,0,0,213584180.4,0,362479.83,10285638.66,0,7197611.34,0,0
1/02/2001,0,-24.73,0,0,3272.84,0,0.15,86.93,0,108.06,0,0,0,0,34,24.22,18,0,0,3051678.39,0,160.54,78344.48,0,33.98,0,522499.15,0,0,108998604.6,0,9157.81,3546081.11,0,3827400.35,0,0
1/03/2001,0,-43.81,0,0,3572.06,0,1.84,106.1,0,129.43,0,0,0,0,33,24.72,18,0,0,3336299.43,0,1931.09,95797.57,0,55.07,0,1024527.99,0,0,184340020.7,0,705568.86,8849305.12,0,8403587.91,0,0
1/04/2001,0,-19.1,0,0,3488.44,0,0.03,56.37,0,106.63,0,0,0,0,30,21.28,13,0,0,3237984.57,0,32.44,51228.33,0,31.46,0,418291.48,0,0,108020942.6,0,1238.83,2086291.41,0,3414314.19,0,0
1/05/2001,0,-27.82,0,0,3651.81,0,0,59.9,0,87.41,0,0,0,0,28,17.77,7,0,0,3401729.75,0,3.09,57350.49,0,39.26,0,691423.58,0,0,140485575.4,0,86.97,2903050.95,0,3719433.15,0,0
1/06/2001,0,-16.6,0,0,3359.66,0,0.35,55,0,63.9,0,0,0,0,26,16.45,6,0,0,3135302.54,0,370.26,52655.82,0,37.24,0,350918.44,0,0,123286327.2,0,27211.46,1878537.44,0,2626990.61,0,0
1/07/2001,0,-26.02,0,0,3750.24,0,0.01,46.46,0,80.85,0,0,0,0,25,15.24,3,0,0,3481250.66,0,6.42,45766.06,0,28.27,0,486194.76,0,0,104293849.6,0,177.88,1524799.53,0,2400506.18,0,0
1/08/2001,0,-29.5,0,0,3856.51,0,0.63,44.74,0,78.3,0,0,0,0,27,15.92,5,0,0,3579481.38,0,659.17,44120.26,0,30.69,0,547812.41,0,0,116203539,0,15852.14,1690176.35,0,2642540.98,0,0
1/09/2001,0,-14.79,0,0,3584.22,0,0,44.07,0,50.71,0,0,0,0,29,18.42,8,0,0,3318005.31,0,0,43311.52,0,27.26,0,268147.91,0,0,95804188.64,0,0,1253157.34,0,1475605.27,0,0
1/10/2001,0,-30.13,0,0,3767.8,0,2.03,63.36,0,70.8,0,0,0,0,36,21.26,13,0,0,3471234.42,0,2130.22,59999.5,0,40.67,0,544820.71,0,0,146333388.3,0,649552.33,4387523.66,0,3979680.81,0,0
1/11/2001,0,-7.41,0,0,3670.12,0,19.47,68.19,0,42.84,0,0,0,0,34,22.18,13,0,0,3379805.68,0,20438.14,64689.76,0,25.01,0,124204.28,0,0,91301705.48,0,533849.86,1843159.84,0,1149840.12,0,0
1/12/2001,0,-21.14,0,0,3934.01,0,43.84,62.76,0,38.66,0,0,0,0,40,24.96,17,0,0,3616681.77,0,46021.76,56483.36,0,31.6,0,403709.27,0,0,121446672.4,0,1536018.36,2396700.38,0,1616931.17,0,0
1/01/2002,0,-41.26,0,0,3867.73,0,19.73,70.14,0,49.79,0,0,0,0,38,25.9,18,0,0,3575398.93,0,20710.37,64726.64,0,50.05,0,729950.5,0,0,186350562.5,0,1035947.25,3721810.31,0,4330948.41,0,0
1/02/2002,0,-33.95,0,0,3568.9,0,25.6,63.35,0,58.79,0,0,0,0,34,25.92,19,0,0,3296553.83,0,26877.51,58909.01,0,45.61,0,575275.66,0,0,155599430.9,0,1414043.5,3819548.07,0,2896006.76,0,0
1/03/2002,0,-16.87,0,0,4020.58,0,12,55.75,0,31.84,0,0,0,0,35,23.97,17,0,0,3702700.91,0,12598.01,53168.44,0,40.5,0,274789.27,0,0,154984045.8,0,711513.24,3154432.46,0,1577802.67,0,0
1/04/2002,0,-20.09,0,0,3791.9,0,2.55,47.51,0,28.07,0,0,0,0,32,21.63,14,0,0,3495226.14,0,2679.22,45407.23,0,96.98,0,326591.85,0,0,330779363.3,0,78453.65,7116708.94,0,5106124.69,0,0
1/05/2002,0,-14.35,0,0,4008.36,0,5.87,58.52,0,31.89,0,0,0,0,28,18.12,8,0,0,3699266.63,0,6164.83,54705.87,0,74.58,0,344681.55,0,0,281244911.4,0,723927.34,7167308.1,0,6270043.4,0,0
1/06/2002,0,-19.67,0,0,3914.69,0,0.33,64.76,0,30.43,0,0,0,0,29,16.09,5,0,0,3596181.98,0,344.24,54369.15,0,67.52,0,341809.92,0,0,247408764.6,0,196030.75,5881106.72,0,6803276.36,0,0
1/07/2002,0,-24.94,0,0,4027.27,0,0.21,43.01,0,28.34,0,0,0,0,25,14.19,5,0,0,3713567.47,0,217.69,35436.78,0,64.91,0,488877.3,0,0,243866360.4,0,6686,4271679.04,0,4094139.06,0,0
1/08/2002,0,-33.52,0,0,3869.7,0,0.37,53,0,30.49,0,0,0,0,27,16.1,7,0,0,3560145.07,0,387.09,35887,0,33.46,0,563948.75,0,0,125766956,0,12517.69,1728262.92,0,1299267.9,0,0
1/09/2002,0,-40.77,0,0,3771.2,0,0.82,24.53,0,31.33,0,0,0,0,31,19.56,10,0,0,3454383.12,0,864.37,23122.51,0,34.19,0,701159.78,0,0,124432887.1,0,25533.47,844190.73,0,1596735.91,0,0
1/10/2002,0,-27.19,0,0,3890.82,0,0.38,90.45,0,19.23,0,0,0,0,37,21.4,12,0,0,3565910.28,0,398.44,50774.69,0,36.51,0,454735.11,0,0,139669105.5,0,7328.14,3504652,0,1251828.15,0,0
1/11/2002,0,-24.92,0,0,3949.59,0,1.64,85.42,0,22.71,0,0,0,0,31,23.04,16,0,0,3626999.68,0,1720.19,46644.73,0,39.93,0,407873.84,0,0,153944246.9,0,46830.73,4168518.29,0,2332944.95,0,0
1/12/2002,0,-42.09,0,0,4045.6,0,5.17,84.55,0,34.23,0,0,0,0,37,24.48,14,0,0,3708088.78,0,5424.75,47735.59,0,47.2,0,710349.7,0,0,179187807.2,0,283664.3,4277308.4,0,2069858.55,0,0
1/01/2003,0,-31.98,0,0,4153.88,0,0.22,71.98,0,30.04,0,0,0,0,32,24.7,17,0,0,3801041.18,0,229.93,41024.23,0,29.81,0,448335.81,0,0,123720096.5,0,4876.71,3345617.96,0,1291664.9,0,0
1/02/2003,0,-24.71,0,0,3824.19,0,0.66,78.89,0,32.5,0,0,0,0,33.3,24.27,19.6,0,0,3478749.35,0,696.77,41993.04,0,25.1,0,483985.04,0,0,92923303.76,0,11241.71,2359885.03,0,670230.36,0,0
1/03/2003,0,-39.02,0,0,4280.07,0,5.63,59.68,0,53.82,0,0,0,0,34.6,22.92,16.4,0,0,3852195.27,0,5913.06,35827.79,0,16.61,0,445617.83,0,0,70434165.85,0,107582.09,1054141.05,0,929930.42,0,0
1/04/2003,0,-20.11,0,0,3907.35,0,4.71,75.97,0,22.43,0,0,0,0,29.2,20.84,14.2,0,0,3509116.82,0,4944.43,41244.13,0,16.33,0,232914.36,0,0,63450434.91,0,89288.14,1380299.52,0,399266.43,0,0
1/05/2003,0,-23.59,0,0,4237.65,0,0,78.97,0,25.24,0,0,0,0,30.7,18.07,9.1,0,0,3809123.17,0,0,43543.45,0,18.04,0,279962.29,0,0,76140693.66,0,0,1612073.16,0,537702.31,0,0
1/06/2003,0,-27.27,0,0,3990.63,0,0.27,59.43,0,33.96,0,0,0,0,26.3,16.27,6.4,0,0,3620474.34,0,286.67,29532.69,0,42.6,0,369683.91,0,0,160313295.8,0,93126.58,4368124.09,0,4753358.56,0,0
1/07/2003,0,-23.17,0,0,4428.32,0,0.2,2.49,0,29.49,0,0,0,0,23.9,14.74,3.5,0,0,4005579.62,0,206.76,1738.3,0,44.19,0,286331.15,0,0,181628090.9,0,173066.19,1443619.58,0,2717399.49,0,0
1/08/2003,0,-21.72,0,0,4277.04,0,0.08,47.34,0,45.76,0,0,0,0,28,16.1,6.3,0,0,3871038.05,0,80.38,19266.16,0,17.28,0,254174.09,0,0,73071660.49,0,1375.13,851215.96,0,779181.64,0,0
1/09/2003,0,-23.28,0,0,4215.34,0,0.01,47.71,0,41.29,0,0,0,0,34.9,20.25,9,0,0,3810283.28,0,13.53,19187.36,0,17.26,0,270333.98,0,0,71591167.59,0,192.97,911508.95,0,726750.81,0,0
1/10/2003,0,-31.38,0,0,4389.4,0,1.07,52.92,0,37.36,0,0,0,0,35,20.41,10.7,0,0,3944908.71,0,1128.34,27252.72,0,16.67,0,365472.27,0,0,71876429.65,0,19185.19,946214.75,0,668882.98,0,0
1/11/2003,0,-44.73,0,0,4289.39,0,1.88,47.41,0,33.83,0,0,0,0,32.4,21.95,13.2,0,0,3885635.62,0,1978.2,29235.23,0,21.75,0,1425164.68,0,0,93469585.3,0,25685.59,1400410.73,0,665394.92,0,0
1/12/2003,0,-52.51,0,0,4315.17,0,3.57,62.12,0,41.31,0,0,0,0,34.5,24.37,17,0,0,3911340.72,0,3745.81,35038.22,0,21.43,0,784018.48,0,0,91257263.11,0,73857.74,1757526.36,0,987996,0,0
1/01/2004,0,-54.71,0,0,4511.29,0,4.58,72.01,0,66.29,0,0,0,0,38,26.14,17.9,0,0,4086499.67,0,4812.71,39799.73,0,26.25,0,934410.77,0,0,117161269.1,0,120082.88,2548761.76,0,1725623.33,0,0
1/02/2004,0,-53.67,0,0,4323.68,0,8.61,80.49,0,109.03,0,0,0,0,41.7,26.43,16.5,0,0,3931609.11,0,9038.22,44388.69,0,46.54,0,954037.03,0,0,192779973.3,0,1890668.26,5227448.65,0,6854047.92,0,0
1/03/2004,0,-55.72,0,0,4461.15,0,2.08,78.85,0,97.55,0,0,0,0,33.6,24.03,16.9,0,0,4059736.96,0,2188.19,44014.85,0,21.97,0,955343.34,0,0,97755301.9,0,56662.53,2028163.63,0,2129848.87,0,0
1/04/2004,0,-60.39,0,0,4054.73,0,1,64.23,0,88.87,0,0,0,0,30.3,21.76,14.3,0,0,3711617.91,0,1050.41,31182.76,0,28.95,0,1174119.37,0,0,116275352.9,0,36306.77,2090868.83,0,2739278.68,0,0
1/05/2004,0,-65.59,0,0,4154.36,0,1.04,90.7,0,104.4,0,0,0,0,27.5,17.66,6.6,0,0,3778771,0,1089.17,50134.4,0,31.1,0,1419575.09,0,0,127474679.6,0,94298.19,3480450.89,0,3701570.45,0,0
1/06/2004,0,-63.25,0,0,4095.01,0,0.44,115.13,0,88.26,0,0,0,0,27.7,15.76,5.6,0,0,3714337.83,0,464.48,65236.35,0,29.03,0,1254164.95,0,0,116299955.2,0,64952.19,3726731.67,0,2971827.25,0,0
1/07/2004,0,-71.63,0,0,4380.32,0,1.7,111.61,0,85.38,0,0,0,0,28.2,15.47,3.6,0,0,3953322.74,0,1783.22,62832.59,0,29.93,0,1330624.98,0,0,127477895.4,0,280675.3,3980779.13,0,3501928.72,0,0
1/08/2004,0,-74.86,0,0,4153.68,0,1.75,106.11,0,82.28,0,0,0,0,27.2,16.22,5,0,0,3741085.14,0,1837.08,58285.34,0,25.14,0,1432510.94,0,0,102588376.4,0,59974.83,3073699.55,0,2199717.01,0,0
1/09/2004,0,-69.69,0,0,3948.56,0,1.7,121.86,0,82.04,0,0,0,0,29.9,18.44,9.3,0,0,3539760.97,0,1784.56,65071.1,0,78.24,0,1414800.29,0,0,258685536.6,0,102412.27,12286740.52,0,5534614.93,0,0
1/10/2004,0,-77.49,0,0,4032.48,0,5.63,123.84,0,86.87,0,0,0,0,38.7,21.95,13,0,0,3663946.85,0,5915.01,67339.84,0,49.73,0,1962065.31,0,0,198902190.8,0,845374.39,10402874.7,0,5100886.32,0,0
1/11/2004,0,-65.38,0,0,4238.52,0,6.48,126.73,0,55.35,0,0,0,0,34,22.88,14.4,0,0,3826513.16,0,6800.22,70626.89,0,55.24,0,1490948.7,0,0,229178581.9,0,1358042.86,12391690.41,0,4238959.53,0,0
1/12/2004,0,-53.02,0,0,4515.39,0,6.6,152.58,0,61.53,0,0,0,0,37.6,24.2,15.8,0,0,4077325.1,0,6927.97,83874.8,0,31.3,0,960302.63,0,0,136654948.7,0,339325.82,5954448.07,0,1783054.43,0,0
1/01/2005,0,-70.16,0,0,4592.66,0,3.42,189.81,0,89.08,0,0,0,0,35.3,25.27,17.9,0,0,4155398.77,0,3592.79,92849.98,0,23.01,0,1162599.04,0,0,103874855.7,0,94602.56,4514913.19,0,2193870.76,0,0
1/02/2005,0,-60.49,0,0,4277,0,7,205.71,0,72.39,0,0,0,0,34.8,25.83,18.3,0,0,3864826.01,0,7350.09,99938.4,0,19.99,0,894056.63,0,0,84112938.66,0,158065.67,4273426.38,0,1523640.05,0,0
1/03/2005,0,-56.97,0,0,4606.59,0,0.64,241.89,0,55.92,0,0,0,0,32.3,23.36,15.4,0,0,4151334.37,0,671.92,120020.25,0,17.83,0,832342.84,0,0,81747578.88,0,14544.26,4433019.7,0,1024437.86,0,0
1/04/2005,0,-39.08,0,0,4422.98,0,0.17,262.15,0,41.13,0,0,0,0,31.1,21.76,14.5,0,0,4012916.95,0,175.25,132856,0,22.49,0,618162.94,0,0,102444412.6,0,3181.54,6374965.41,0,1100209.56,0,0
1/05/2005,0,-67.15,0,0,4379.4,0,1.22,269.14,0,61,0,0,0,0,27.7,18.23,10.1,0,0,3958241.14,0,1275.78,135578.62,0,22.82,0,1101517.66,0,0,102399479.2,0,31190.96,6727963.71,0,1665303.78,0,0
1/06/2005,0,-66.59,0,0,4309.73,0,1.35,272.86,0,59.64,0,0,0,0,26.3,16.75,6.4,0,0,3879925.14,0,1418.21,137671.98,0,24.3,0,1057577.99,0,0,107419642.1,0,75763.15,6944192,0,2232797.69,0,0
1/07/2005,0,-8.03,0,0,4565.54,0,0.3,287.82,0,50.08,0,0,0,0,25.3,16.07,6.2,0,0,4109848.82,0,309.76,148846,0,43.01,0,119272.23,0,0,218556239.3,0,17461.76,18199951.29,0,2619955.36,0,0
1/08/2005,0,-10.01,0,0,4553.1,0,0.75,285.78,0,38.66,0,0,0,0,26.2,16.01,6.6,0,0,4091093.21,0,791.71,150792.81,0,29.74,0,136540.49,0,0,140568872.1,0,23113.55,8532944.32,0,1184083.15,0,0
1/09/2005,0,-8.22,0,0,4165.17,0,0.16,257.05,0,43.76,0,0,0,0,29.3,18.89,8.9,0,0,3761641.16,0,163.53,131074.37,0,23.93,0,119739.95,0,0,102311038.1,0,5493.55,6440341.99,0,1364982.18,0,0
1/10/2005,0,-2.52,0,0,4280.77,0,0.3,294.59,0,34.06,0,0,0,0,36.3,22.57,13.1,0,0,3870590.35,0,313.41,155132.91,0,22.77,0,32586.46,0,0,108001026.2,0,183406.94,8885182.09,0,1380007.37,0,0
1/11/2005,0,-4.13,0,0,4351.75,0,0.34,304.1,0,28.37,0,0,0,0,33.1,23.25,16.2,0,0,3939667.63,0,354.89,164017.53,0,18.68,0,59067.98,0,0,84655552.64,0,7841.89,6207959.02,0,618364.14,0,0
1/12/2005,0,-12.61,0,0,4600.89,0,8.91,276.71,0,51.09,0,0,0,0,37.1,26.47,16.1,0,0,4176555.64,0,9351.74,152552.16,0,26.62,0,181738.79,0,0,136146145.3,0,562849.09,8039305.33,0,2803819.87,0,0
1/01/2006,0,-7.33,0,0,4723.37,0,3.43,291.37,0,42.14,0,0,0,0,34.8,26.13,20.5,0,0,4273254.26,0,3602.57,156775.3,0,25.1,0,105424.79,0,0,131780067.3,0,206427.83,8964723.89,0,1790629.81,0,0
1/02/2006,0,-5.26,0,0,4176.6,0,6.2,290.12,0,20.01,0,0,0,0,34.4,25.92,18.8,0,0,3802288.15,0,6509.5,157146.79,0,47.09,0,79578.65,0,0,249779897.9,0,4511158.36,23447915.94,0,5987221.33,0,0
1/03/2006,0,-4.24,0,0,4680.07,0,0.2,280.54,0,15.18,0,0,0,0,32.3,23.36,17.3,0,0,4246161.4,0,208.85,147377.59,0,22.63,0,65914.24,0,0,114834248,0,5912.07,7941343.76,0,381379.41,0,0
1/04/2006,0,-5.59,0,0,4425.17,0,0.29,148.15,0,56.18,0,0,0,0,33.7,21.64,11.4,0,0,3997989.82,0,303.79,96915.58,0,22.47,0,81287.99,0,0,105795360.6,0,24292.09,3736238.12,0,1309861.05,0,0
1/05/2006,0,-2.17,0,0,4333.96,0,0.13,322.1,0,91.38,0,0,0,0,28.5,17.7,5,0,0,3908875.52,0,133.46,174665.78,0,24.5,0,30601.53,0,0,106626813.9,0,3738.47,9154728.09,0,2213832.85,0,0
1/06/2006,0,-14.6,0,0,4316.76,0,0,370.02,0,73.86,0,0,0,0,23.9,15.73,5.9,0,0,3909049.56,0,2.74,191843.85,0,24.23,0,240615.76,0,0,106620397.6,0,45.58,9534018.73,0,2271502.62,0,0
1/07/2006,0,-7.25,0,0,4626.56,0,0,346.41,0,81.99,0,0,0,0,26.3,15.73,6.8,0,0,4189245.23,0,0,186039.31,0,29.61,0,102910.48,0,0,138278043.3,0,0,11242409.73,0,2689532.14,0,0
1/08/2006,0,-10.71,0,0,4407.87,0,0.12,401.55,0,73.23,0,0,0,0,28.4,16.69,6.1,0,0,4001450.85,0,129.18,207922.47,0,22.9,0,159760.39,0,0,102568125.9,0,3535.98,9831307.2,0,1965301.05,0,0
1/09/2006,0,-2.02,0,0,4246.11,0,1.54,408.19,0,57.15,0,0,0,0,30,18.67,11.3,0,0,3835808.32,0,1615.35,211596.78,0,19.83,0,26562.49,0,0,85647365.34,0,49241.69,8536659.76,0,1232383.49,0,0
1/10/2006,0,-0.41,0,0,4376.43,0,0.01,430.55,0,63.73,0,0,0,0,33.3,20.61,13.1,0,0,3960719.2,0,12.01,217606.46,0,21.04,0,6677.27,0,0,94951043.4,0,255.62,9681453.32,0,1447386.91,0,0
1/11/2006,0,-7.78,0,0,4385.25,0,1.2,408.7,0,77.87,0,0,0,0,33.2,22.4,10.8,0,0,3970636,0,1256.14,205146.92,0,25.29,0,173915.74,0,0,117053935.9,0,98022.7,12379738.75,0,2443628.98,0,0
1/12/2006,0,-3.99,0,0,4412.71,0,0.48,377.65,0,61.85,0,0,0,0,31.6,22.56,15.3,0,0,3981720.08,0,500.77,197782.78,0,20.02,0,45794.56,0,0,91465105.58,0,8043.02,8137014.49,0,1298549.92,0,0
1/01/2007,0,-5.24,0,0,4478.33,0,16.47,487.08,0,62.69,0,0,0,0,34.2,25.13,17.5,0,0,4065282.45,0,17286.32,260021.47,0,61.44,0,97412.07,0,0,315746060.7,0,4391398,43886117.33,0,8748059.42,0,0
1/02/2007,0,-0.75,0,0,4028.9,0,2.85,485.84,0,96.48,0,0,0,0,31.2,24.45,18.4,0,0,3650370.6,0,2993.21,258148.38,0,40.27,0,13825.57,0,0,176751722.4,0,270153.25,23771021.19,0,4107922.87,0,0
1/03/2007,0,-10.77,0,0,4540.1,0,7.06,526.56,0,102.1,0,0,0,0,37.9,24.76,16.5,0,0,4110631.17,0,7410.02,282439.6,0,45.5,0,333627.39,0,0,220702089.9,0,351947.84,27972333.13,0,4981713.74,0,0
1/04/2007,0,-32.44,0,0,3955.65,0,0.17,469.87,0,99.7,0,0,0,0,29,21.88,12.7,0,0,3586656.98,0,173.67,253621.57,0,85.84,0,1616106.92,0,0,372357362,0,16753.42,50266543.76,0,10248488.52,0,0
1/05/2007,0,-54.62,0,0,4042.79,0,0.64,501.27,0,126.11,0,0,0,0,30,20.39,12,0,0,3662477.88,0,670.91,266144.2,0,57.04,0,1938325.24,0,0,236483307.6,0,43028.33,31384905.7,0,8317053.95,0,0
1/06/2007,0,-62.05,0,0,3981.87,0,15.33,496.38,0,107.28,0,0,0,0,26.7,15.69,6.6,0,0,3616533.85,0,16093.52,264607.86,0,192.12,0,3538664.58,0,0,753676256.1,0,18391126.64,137493500.1,0,33982687.04,0,0
1/07/2007,0,-53.23,0,0,4313.6,0,5.38,479.23,0,96.43,0,0,0,0,26.7,14.25,3.8,0,0,3890007.69,0,5649.18,248812.67,0,63.78,0,1603002.18,0,0,281239908,0,977416,35750144.12,0,8379317.28,0,0
1/08/2007,0,-29.84,0,0,4082.28,0,3.19,425.62,0,63.29,0,0,0,0,28.8,16.7,5.4,0,0,3704139.25,0,3345.88,229808.49,0,50.13,0,750618.73,0,0,205843648.3,0,102253.96,24993564.82,0,3699975.96,0,0
1/09/2007,0,-38.67,0,0,3778,0,8.85,303.78,0,94.72,0,0,0,0,31.2,19.07,11.1,0,0,3439001.43,0,9292.79,180187.73,0,53.2,0,1141419.26,0,0,207878946.7,0,455546.75,19029820.31,0,6086230.79,0,0
1/10/2007,0,-37.48,0,0,3897.28,0,5.26,500.46,0,62.12,0,0,0,0,34.1,22.18,13.3,0,0,3509978.43,0,5624.93,263369.71,0,49.12,0,1029535.76,0,0,200860152,0,710008.85,28283526,0,5124375.48,0,0
1/11/2007,0,-11.56,0,0,4210.58,0,3.06,426.74,0,33.43,0,0,0,0,31.1,21.97,15.3,0,0,3792319.37,0,3211.72,237265.54,0,48.96,0,154442.08,0,0,220001507,0,278563.77,25145634.08,0,3499882.55,0,0
1/12/2007,0,-2.38,0,0,4379.38,0,5.66,515.35,0,40.49,0,0,0,0,31.2,23.9,17.7,0,0,3946132.78,0,5945.24,273285.9,0,49.7,0,34789.5,0,0,238327858.9,0,472409.65,31379687.79,0,2397452.29,0,0
1/01/2008,0,-2.01,0,0,4536.06,0,18.69,484.48,0,65.43,0,0,0,0,31.3,24.62,17.6,0,0,4083275.29,0,19615.89,255714.17,0,41.77,0,33750.61,0,0,202260067.6,0,2215300.38,23752704.96,0,3434950.15,0,0
1/02/2008,0,-1.8,0,0,4084.57,0,15.35,493.67,0,90.17,0,0,0,0,40.2,24.02,18.5,0,0,3668133.83,0,16109.57,261747.16,0,107.09,0,32420.37,0,0,522845752.7,0,19002027.35,103472512.4,0,13107146.97,0,0
1/03/2008,0,-1.72,0,0,4370.17,0,3.2,483.89,0,108.54,0,0,0,0,31,22.03,12.2,0,0,3925436.2,0,3356.05,253027.11,0,30.72,0,27375.76,0,0,141056822.1,0,393381.67,17625834,0,3412578.89,0,0
1/04/2008,0,-1.61,0,0,4256.16,0,0.81,482.71,0,88.37,0,0,0,0,29.6,19.91,10,0,0,3840896.1,0,844.54,253600.4,0,32.39,0,29674.45,0,0,142440476.5,0,26258.4,17345894.57,0,2957744.28,0,0
1/05/2008,0,-2.83,0,0,4339.49,0,1.19,488.61,0,74.35,0,0,0,0,27.8,17.29,8.6,0,0,3925651.89,0,1248.84,258664.36,0,38.27,0,71289.14,0,0,169038816.7,0,67996.4,21109253.1,0,3299580.74,0,0
1/06/2008,0,-2.12,0,0,4057.02,0,4.84,509.05,0,76.14,0,0,0,0,26.5,16.6,8,0,0,3658641.25,0,5084.01,270877.45,0,38.81,0,47682.8,0,0,160272912.1,0,498093.36,22708563.29,0,3355996.54,0,0
1/07/2008,0,-1.34,0,0,4471.5,0,0.29,547.69,0,57.82,0,0,0,0,25.7,14.88,3.7,0,0,4022671.69,0,303.61,291447.46,0,47.36,0,22772.89,0,0,220686254.5,0,431261.03,30776466.61,0,3490393.46,0,0
1/08/2008,0,-1.75,0,0,4403.07,0,0.46,467.8,0,32.11,0,0,0,0,28.7,15,4.1,0,0,3993896.18,0,477.61,253178.99,0,33.76,0,34871.5,0,0,152399337,0,14151.31,17532072.79,0,1295006.02,0,0
1/09/2008,0,-5.71,0,0,4130.53,0,0.13,465.7,0,39.69,0,0,0,0,35.1,19.01,11,0,0,3715703.42,0,135.61,243666.35,0,29.81,0,122259.75,0,0,127692926.1,0,4064.55,15510866.35,0,1609991.46,0,0
1/10/2008,0,-4.61,0,0,4444.03,0,2.09,320.72,0,49.68,0,0,0,0,31.3,19.53,10.6,0,0,4022321.76,0,2188.94,157455.55,0,41.5,0,86877.04,0,0,200394920.3,0,1154423.51,17334982.31,0,2676500.34,0,0
1/11/2008,0,-8.18,0,0,4276.67,0,2.25,371.45,0,63.43,0,0,0,0,32.7,22.98,13.8,0,0,3835904.62,0,2360.12,186691.06,0,34.65,0,168596.25,0,0,164876849,0,531626.93,15917558.27,0,2834535.91,0,0
1/12/2008,0,-10.24,0,0,4435.04,0,6.48,450.25,0,40.45,0,0,0,0,34.9,25.08,17,0,0,3966439.99,0,6799.35,237134.72,0,28.23,0,206937.97,0,0,131575640.1,0,329995.01,14272620.01,0,1363165.51,0,0
1/01/2009,0,-9.62,0,0,4439.75,0,8.58,474.36,0,92.34,0,0,0,0,33.9,25.16,18.6,0,0,3999007.9,0,9006.69,252793.54,851.24,37.3,0,197702.22,0,0,188737663.2,0,1746123.79,25115893.03,0,5103493.87,0,0
1/02/2009,0,-6.08,0,0,3988.48,0,2.28,435.7,0,97.14,0,0,0,0,36.1,25.04,19.2,0,0,3590751.88,0,2389.55,231317.68,846.58,36.23,0,118403.8,0,0,160526940.7,0,785272.54,20418038.47,0,4126046.78,0,0
1/03/2009,0,-4.64,0,0,4175.72,0,1.61,524.83,0,99.52,0,0,0,0,33.8,23.95,17.3,0,0,3757461.69,0,1688.26,276967.24,841.38,24.89,0,79609.15,0,0,110578005.4,0,103638.38,14629226.89,0,2654125.35,0,0
1/04/2009,0,-1.27,0,0,4071.52,0,2.55,499.93,0,81.97,0,0,0,0,30.7,21.73,12.1,0,0,3638145.73,0,2677.93,266933,839.53,31.41,0,20808.71,0,0,135888107.6,0,175595.09,17516377.21,0,2753741.55,0,0
1/05/2009,0,-5.15,0,0,4124.82,0,4.17,555.04,0,89.93,0,0,0,0,26.2,18.05,9,0,0,3676522.36,0,4375.94,292302.61,833.16,27.14,0,105116.96,0,0,114666638.6,0,110001.15,16160513.48,0,2605992.05,0,0
1/06/2009,0,-3.32,-4.91,0,4212.11,0,0.11,469.26,0,69.35,0,0,0,0,24.4,15.63,5.5,4278.23,0,3755983.91,0,113.34,255914.25,845.05,32.03,0,55382.51,0,0,133169238.5,0,3477.03,20396633.34,0,2312930.04,0,0
1/07/2009,0,-15.13,-433.57,0.56,4399.56,48.21,1.73,363.85,0,63,0,0,0,0,25.8,15.01,6.2,384594.19,509.8,3958182.42,4473.68,1819.25,215069.69,857.11,27.98,0,301379.75,0,0,125138104.6,1337521.5,112040.55,12100333.3,0,2139575.81,0,0
1/08/2009,0,-1.77,-376.78,3.04,4123.51,47.69,0.12,452.22,0,45.62,0,0,0,0,35.4,17.96,8.2,340320.89,2727.03,3711462.95,4527.96,123.16,243374.84,843.54,23.19,0,25017.9,0,0,97984680.54,1143609.87,2805.03,10842241.49,0,1167451.8,0,0
1/09/2009,0,-5.54,-333.47,0.53,3776.53,51.3,0.13,614.17,0,26.13,0,0,0,0,34.2,19.72,8.5,306446.38,479.47,3442973.34,4883.43,133.76,328966.33,840.48,24.38,0,115193.78,0,0,94160945.96,1267632.53,3140.02,15501142.02,0,711545.51,0,0
1/10/2009,0,-2.69,-393.61,4.89,4006.98,46.31,5.63,687.94,0,24.79,0,0,0,0,35,21.19,11.8,359641.29,4429.4,3643940.71,4042.42,5914.97,372274.17,838.07,25.86,0,48850.64,0,0,107337470,1243187.58,141277.41,19005429.67,0,828598.73,0,0
1/11/2009,0,-16.53,-347.32,6.36,4256.29,13.89,16.56,707.43,0,36.12,0,0,0,0,34.8,24.1,14.2,316735.57,5323.86,3845159.92,385.69,17380.37,386947.47,842.85,71.52,0,311436.9,0,0,367844538.5,1252383.76,13494100.25,88720456.22,0,12890919.78,0,0
1/12/2009,0,-7.46,-468.61,8.75,4493.05,11.94,6.4,736.41,0,54.96,0,0,0,0,33.2,25.23,17.1,422380.35,7359.62,4030685.96,247.03,6720.46,396575.03,831.2,29.08,0,123671.54,0,0,143365836.7,478435.48,1553921.49,28569082.33,0,2078741.07,0,0
1/01/2010,0,-12.99,-339.39,9.5,4469.52,14.3,4.97,704.69,0,34.61,0,0,0,0,35.1,26.09,17.3,305339.7,8221.32,4008006.58,292.95,5214.45,377407.09,838,64.9,0,234439.43,0,0,251041882.7,1053290.15,7327060.94,57156658.28,0,6667677.75,0,0
1/02/2010,0,-1.95,-459.4,2.89,4090.46,13.75,1.73,724.65,0,36.3,0,0,0,0,33.5,25.41,19.6,406986.58,2345.43,3657640.83,280.78,1817.01,381430.14,824.9,46.17,0,29330.79,0,0,170604899.2,591331.99,2560438.29,36823997.44,0,2214607.94,0,0
1/03/2010,0,-3.01,-517.73,1.36,4306.24,14.93,0.64,775.26,0,45.6,0,0,0,0,33.1,23.51,17.2,458991.25,1203.93,3842420.26,307.62,670.22,415142.02,822.09,24.86,0,43664.69,0,0,104524027.3,379226.11,22921.63,19788031.21,0,1205598.36,0,0
1/04/2010,0,-2.86,-510.66,2.61,3936.82,-0.38,0.24,780.49,0,78.64,0,0,0,0,31.3,21.94,13,445328.87,2282.11,3509106.22,0,253.96,401063.19,809.21,21.72,0,44987.27,0,0,84469564.75,0,5887.98,16874139.59,0,1688152.47,0,0
1/05/2010,0,-1.24,-760.02,0.28,4197.72,-0.58,1.91,830.84,0,72,0,0,0,0,27.9,18.1,9.7,660347.09,236.96,3752833.1,0.18,2004.08,422547.11,810.26,21.13,0,18978.22,0,0,87057596.25,157.29,41736.91,17845737.63,0,1525365.82,0,0
1/06/2010,0,-1.48,-732.91,0,3997.72,31.51,0.27,916.81,0,48.35,0,0,0,0,25.2,15.88,7.3,635003.43,0,3572714.4,2936.9,287.17,457503.21,797.71,23.28,0,27047.91,0,0,91555695.96,726532.25,7843.57,21870828.15,0,1201341.58,0,0
1/07/2010,0,-0.9,-816.99,0,4160.44,44.11,0.12,955.19,0,56.71,0,0,0,0,26.8,15.98,6.7,700472.94,0,3692712.26,4054.4,127.65,479548.66,790.23,21.69,0,14945.86,0,0,88943846.24,921524.91,2585.49,20954790.08,0,1252811.49,0,0
1/08/2010,0,-1.68,-713.49,0.24,3896.81,24.66,1.84,1067.56,0,57.56,0,0,0,0,27.8,16.09,6.1,614457.22,167.74,3487022.89,1958,1929.76,539435.74,788.29,21.61,0,24468.27,0,0,83378498.28,501430.11,46712.32,23253911.18,0,1254575.42,0,0
1/09/2010,0,-2.48,-653.91,0,3701.88,14.21,3.64,1022.23,0,56.15,0,0,0,0,28.4,19.52,11.6,561816.52,0,3308737.9,1311.32,3817.38,518708.37,789.71,21.56,0,44281.04,0,0,79361273.46,302988.52,77011.09,22008293.46,0,1223237.15,0,0
1/10/2010,0,-0.65,-635.19,0,3914.77,40.9,0.11,936.71,0,55.39,0,0,0,0,29.9,19.88,9.7,540519.39,1.95,3488710.09,3716.39,113.01,489547.64,798.13,20.53,0,12074.63,0,0,79993057.36,788439.44,2173.65,19039728.21,0,1125147.45,0,0
1/11/2010,0,-1.97,-626.07,0.01,3754.32,9.82,0.11,1044.72,0,65.3,0,0,0,0,29.5,22.29,14.9,533903.74,7.32,3347544.6,1210.77,114.99,534076.1,788.71,18.23,0,25751.69,0,0,67667766.94,135100.37,1914.74,19095589.79,0,1191149.18,0,0
1/12/2010,0,-12.47,-565.51,2.08,3787.05,1.43,0.47,1072.89,0,100.63,0,0,0,0,32.1,23.38,14.7,472462.84,1757.19,3362776.65,55.75,492.59,540210.73,782.58,23.43,0,184130.8,0,0,86324941.52,36197.74,16478.12,25030741.23,0,2318463.75,0,0
1/01/2011,0,-3.96,-406.4,13.67,3876.73,0.45,21.99,860.33,0,113.11,0,0,0,0,34.9,24.79,18.8,347883.2,12054.51,3468537.2,36.12,23085.59,447290.62,805,49.69,0,81986.98,0,0,183899084.8,55712.44,2173143.83,48939495.17,0,5052183.44,0,0
1/02/2011,0,-13.8,-437.89,3.24,3742.7,4.47,7.71,906.7,0,93.94,0,0,0,0,35.3,25.41,18.2,374918.33,2863.95,3345749.35,208.14,8093.88,454437.68,797.86,122.68,0,350767.67,0,0,416002312.5,1314956.52,13406542.8,145147321.5,0,20478470.87,0,0
1/03/2011,0,-3.72,-359.08,13.28,3833.04,-0.38,0.49,987.57,0,107.91,0,0,0,0,34.5,23.98,16.3,304458.25,11839.37,3406570.29,0,509.5,492587.81,787.72,28.69,0,75310.84,0,0,107530040.2,0,19370.59,28778116.57,0,2983180.6,0,0
1/04/2011,0,-2.61,-405.74,0.49,3647.36,-0.23,0.02,698.3,0,91.48,0,0,0,0,29.4,20.78,15.3,351119.74,436.19,3262151.6,0.02,23.54,362655.88,812.63,25.39,0,53612.82,0,0,91988339.25,28.46,569.68,17638946.79,0,2288089.96,0,0
1/05/2011,0,-0.57,-418.99,5.6,3708.91,7.43,0.02,800.53,0,88.52,0,0,0,0,27.6,17.12,7.9,356467.89,5041.01,3328823.53,645.26,24.39,395448.75,804.86,27.84,0,13179.97,0,0,102529891.5,214650.95,746.94,22452778.65,0,2432834.75,0,0
1/06/2011,0,-2.56,-477.68,0.33,3811,45.86,0.03,790.42,0,71.95,0,0,0,0,25.8,14.97,5.9,399572.6,288.18,3381264.12,3606.27,32.09,400309.67,798.69,25.99,0,50464.91,0,0,97867633.96,1162669.35,779.71,20691292.94,0,1822370.59,0,0
1/07/2011,0,-0.95,-622.57,0.14,4026.93,59.67,0.03,829.06,0,72.63,0,0,0,0,24.1,14.81,5.6,529312.59,120.57,3582934.48,4214.45,32.04,422608.12,797.4,27.41,0,16730.21,0,0,108666811.1,1567090.02,1008.35,23044110.34,0,1948713.34,0,0
1/08/2011,0,-3.57,-349.98,2.76,3549.96,60.93,0.03,880.32,0,83.69,0,0,0,0,25.4,16.02,5.3,303028.02,2456.98,3189596.85,4842.81,28.64,446804.84,790.86,29.45,0,79331.89,0,0,103838122.3,1755935.35,867.25,26219949.37,0,2429221.02,0,0
1/09/2011,0,-2.18,-341.96,1.57,3377.04,59.51,0.02,841.97,0,69.72,0,0,0,0,32.3,18.16,7,300372.66,1410.42,3053228.66,5238.21,22.91,428022.92,795.76,29.73,0,47710.44,0,0,99392864.71,1744430.94,646.73,25141948.05,0,2078736.15,0,0
1/10/2011,0,-3.5,-363.28,3.53,3590.26,61.88,0.03,907.08,0,58.58,0,0,0,0,29.3,20.06,10.6,312247.1,3114.93,3220369.09,5194.81,29.32,462085.61,794.09,27.77,0,64210.13,0,0,98873691.25,1691519.2,829.55,25202475.15,0,1644016.75,0,0
1/11/2011,0,-5.96,-348.86,4.67,3712.66,57.56,0.92,995.95,0,59.69,0,0,0,0,33.9,24.11,15.8,300449,4056.83,3343469.31,5203.44,968.34,504050.71,794.64,35.41,0,131541.58,0,0,129133425.8,1982905.3,23325.85,36763039.27,0,2859824.02,0,0
1/12/2011,0,-1.84,-210.59,5.24,3615.76,32.45,0.03,944.06,0,56.58,0,0,0,0,32.9,22.51,15.8,179376.7,4537.3,3231425.33,2220.95,26.77,474073.84,795.4,26.07,0,33429.66,7129.81,0,93426307.31,845861.23,719.76,24698156.4,0,1489030.51,0,0
1/01/2012,0,-1.57,-431.93,1.84,3915.35,15.29,3.75,1037.5,0,45.08,0,0,0,0,37.1,24.29,17.4,329205.31,1620.24,3474582.61,316.95,3939.94,524307.23,801.6,31.87,0,25338.12,182912.81,-33842.37,120531404.8,402149.26,239850.61,34091536.96,0,1472837.04,0,0
1/02/2012,0,-0.81,-422.92,1.01,3802.72,16.68,1.81,983.31,0,35.89,0,0,0,0,34,24.73,19.6,278086.79,821.02,3380328.29,342.8,1901.51,494915.02,814.95,31.62,0,14879.68,445971.56,-3306.82,116867227.1,525630.33,106385.06,32522475.01,0,1070719.37,0,0
1/03/2012,0,-0.98,-558.62,1.58,3964.8,14.67,0.75,981.62,0,66.03,0,0,0,0,32.1,23.22,16.8,478482.39,1126.4,3533262.14,304.1,783.56,499101.54,795.57,27.56,0,15773.24,0,0,107961119.7,426866.15,30622.1,27847744.27,0,1697517.08,0,0
1/04/2012,0,-2.36,-682.36,0,3843.37,-0.53,0.03,874.26,0,63.28,0,0,0,0,30.5,21.03,11.6,590836.47,0,3436129.4,0.27,29.75,435586.58,801.06,29.79,0,50413.35,0,0,113848367.7,335.96,961.68,26059703.66,0,1880556.62,0,0
1/05/2012,0,-0.4,-607.17,0,3842.8,-0.77,0.02,911.11,0,52.06,0,0,0,0,27.2,17.33,8.1,526399.04,0,3426157.49,6.03,22.28,454422.19,799.07,26.07,0,6694.42,0,0,99703868.19,962.57,551.35,23757302.95,0,1393621.84,0,0
1/06/2012,0,-6.56,-403.22,2.3,3656.78,7.28,0.04,801.45,0,68.26,0,0,0,0,24.8,15.77,8.2,337101.73,1959.32,3232007.35,587.88,37.98,405901.71,800.57,35.35,0,155720.61,0,0,127886213,286035.79,1478.14,28559437.36,0,2406953.19,0,0
1/07/2012,0,-0.16,-389.71,3.19,3753.77,5.25,0.45,828.52,0,87.14,0,0,0,0,24.5,15.36,6,328712.12,2587.09,3307476.38,486.8,473.4,426967.77,794.99,65.12,0,7869.02,0,0,242296282.6,384480.88,67645.78,55359231.64,0,5558694.8,0,0
1/08/2012,0,-1.6,-418.1,0.23,3811.27,48.6,3.13,730.72,0,84.49,0,0,0,0,27.6,15.85,4.1,351307.42,187.58,3362128.46,4474.49,3285.16,382599.26,798.68,54.48,0,78098.66,0,0,205863434.1,2640459.55,-32913.53,40215350.07,0,4623789.38,0,0
1/09/2012,0,-8.77,-395.34,2.38,3702.77,60.56,2.49,606.15,0,69.67,0,0,0,0,30.8,18.86,7.3,336615.35,1951.23,3286296.29,5025.7,2614.47,323599.09,812.61,53.1,0,441648.17,0,0,195686104.3,3231431.85,121577.77,32275143.17,0,3696786.59,0,0
1/10/2012,0,-1.52,-564.98,0.03,3833.37,67.4,0.24,887.92,0,13.31,0,0,0,0,33.2,20.71,8.8,489610.77,21.9,3389657.25,5841.65,255.28,447462.58,791.74,53.18,0,57325.49,0,0,202819773.3,3558856.65,18102.99,47152668.87,0,713750.38,0,0
1/11/2012,0,-0.3,-430.76,1.31,3825.94,64.4,2.07,837.47,0,11.1,0,0,0,0,34.4,22.76,14.1,375009.46,1060.08,3380021.14,5410.14,2171.41,424352.83,797.45,55.35,0,14211.3,0,0,210186571.8,3501342.02,307809.38,47107938.84,0,733046.55,0,0
1/12/2012,0,-1.94,-301.44,12.91,3961.19,35.45,9.54,855.12,0,35.09,0,0,0,0,37.9,25.23,17.3,262318.65,10557.69,3504877.76,2264.15,10013.23,435063.99,803.41,59.25,0,91446.33,0,0,229344015.6,2174289.21,1182970.36,51890994.36,0,2082958.63,0,0
1/01/2013,0,-15.18,-165.47,44.73,3678.97,15.84,37.01,1016.67,0,87.29,0,0,0,0,35.4,25.94,19.8,142415.28,38617.78,3254835.11,504.98,38848.08,511011.26,787.56,167.8,0,1488593.77,0,0,573608602.9,2208959.51,9963445.1,184639648.8,0,15705240.88,0,0
1/02/2013,0,-1.62,-200.82,18.94,3241.14,20.19,1.89,898.5,0,64.19,0,0,0,0,33.1,23.88,19,171008.42,16311.31,2887693.89,580.78,1983.37,445705.11,786.97,58.81,0,52370.03,0,0,188734657.8,1248540.95,168036.4,53944074.61,0,3741923.7,0,0
1/03/2013,0,-9.1,-75.17,71.23,3438.87,22.13,1.2,792.69,0,89.8,0,0,0,0,32.4,23.27,17.5,63575.95,61188.72,3050872.4,672.89,1255.49,402487.75,797.13,74.2,0,470375.28,0,0,251110665.7,1697730.52,135451.27,59161790.32,0,6819065.79,0,0
1/04/2013,0,-1.4,-179.15,10.58,3503.61,8.61,0.31,671.26,0,51.14,0,0,0,0,30.2,20.74,12,152582.86,8990.1,3093311.26,403.48,324.19,346221.6,811,56.24,0,71580.81,0,0,196105877,516017.21,17277.9,37688475.14,0,2953840.66,0,0
1/05/2013,0,-4.45,-191.22,6.44,3654.22,11.64,0.72,696.72,0,50.97,0,0,0,0,28.6,17.67,8.3,163314.33,5613.21,3223164.31,532.34,756.05,364230.91,812.06,59.37,0,228172.65,0,0,214877942.5,731340.17,46332.19,41605272.36,0,3261902.43,0,0
1/06/2013,0,-2.31,-156.39,9.39,3506.54,24.69,0.03,675.01,0,46.79,0,0,0,0,24.7,15.9,5.7,133076.01,8187.12,3096325.58,560.38,30.85,346638.32,808.69,64.76,0,116807.41,0,0,224414534.6,1614478.8,1318.94,44159968.9,0,3321240.09,0,0
1/07/2013,0,-2.65,-145.66,16.17,3462.35,30.49,0.04,742.2,0,69.51,0,0,0,0,25.4,16.13,7.9,121901.46,13597.38,3039291.89,617.93,39.78,375375.17,792.59,60.85,0,128863.98,0,0,209131240.5,1845757.23,2719.7,45818824.84,0,4198913.37,0,0
1/08/2013,0,-1.82,-137.27,9.77,3259.34,49.86,0.03,834.58,0,72.76,0,0,0,0,28.5,17.13,6,115510.05,8290.03,2870977.76,4183.07,34.82,413329.72,778.35,62.06,0,82417.04,0,0,199318880.7,3079786.09,7745.29,52412597.9,0,4526336.51,0,0
1/09/2013,0,-2.45,-126.58,20.15,3283.07,61.07,0.05,699.62,0,50.58,0,0,0,0,32.8,20.55,10.9,105785.12,16928.86,2893472.38,5220.62,49.05,357451.77,794.71,55.53,0,118970.12,0,0,181176775.4,3349650.39,2660.35,38964199.04,0,2792920.24,0,0
1/10/2013,0,-1.66,-78.35,34.71,3326.51,35.98,0.03,854.42,0,57.65,0,0,0,0,34.7,22.3,12.7,65918.56,27942.15,2943105.74,2258.36,34.02,423543.53,787.59,62.48,0,85094.53,0,0,205098451.5,2036449,4764.33,54166722.36,0,3472850.94,0,0
1/11/2013,0,-3.29,-95.22,42.48,3224.67,10.48,0.08,941.87,0,47.71,0,0,0,0,33.5,22.67,14.5,82741.64,34375.33,2898415.82,478.51,83.82,462149.11,794.66,53.66,0,166045.44,0,0,172191036.9,569303.76,4554.68,50582385.58,0,2565701.2,0,0
1/12/2013,0,-2.52,-113.56,47.65,3499.47,14.03,0.54,890.07,0,25.45,0,0,0,0,35.5,24.19,15,97791.78,38404.38,3117844.7,636.88,571.22,442128.61,802.95,59.46,0,116046.04,0,0,205310603.2,826873.92,97887.11,53581692.64,0,1694244.67,0,0
1/01/2014,0,-3.15,-254.71,16.52,3690.29,20.99,5.38,1062.3,0,24.05,0,0,0,0,38.7,25.36,19.1,215364.04,14338.76,3259011.64,772.19,5651.73,527234.12,787.35,78.21,0,141076.57,0,0,273357754.8,1676493.44,1901801.73,87827275.61,0,1990308.46,0,0
1/02/2014,0,-7.81,-179.51,11.91,3202.38,24.03,3.61,943.03,0,89.5,0,0,0,0,34.1,25.02,19,150567.92,10459.6,2824836.68,605.9,3791.76,476445.33,774.52,63.07,0,374323.73,0,0,196333402.9,1467646.66,397917.01,61271898.11,0,5816695.89,0,0
1/03/2014,0,-3.82,-244.73,4.99,3436.67,24.37,1.48,1099.66,0,91.33,0,0,0,0,32.8,23.94,18,201522.77,4457.51,3027693.81,566.71,1548.76,556739.13,768.6,49.33,0,163828.94,0,0,168477807,1203622.38,77130.3,54304539.05,0,4494249.22,0,0
1/04/2014,0,-2.91,-220.31,7.55,3313.16,-0.23,1.63,883.47,0,91.53,0,0,0,0,31.3,22.21,14.5,186557.79,6490.92,2924084.44,2.22,1707.42,452799.48,785.13,49.9,0,133786.68,0,0,164473380.2,4886.89,110686.58,43909875.71,0,4545650.53,0,0
1/05/2014,0,-3.26,-236.01,2.51,3280.49,8.94,2.2,1015.09,0,97.18,0,0,0,0,28.6,19.08,8.5,198998.55,2133.45,2896125.18,413.45,2312.46,508481.37,770.43,52.07,0,144921.19,0,0,170149205.3,490334.45,155305.62,52140559.65,0,4984812.46,0,0
1/06/2014,0,-1.47,-327.03,1.63,3089.74,26.28,0.84,1157.99,0,95.36,0,0,0,0,26.1,17.05,5.2,269695.5,1335.03,2730850.36,1536.61,878,565459.95,749.47,50.87,0,60114.16,0,0,155525785.8,1308467.95,42632.45,58475473.48,0,4705584.74,0,0
1/07/2014,0,-1.66,-561.63,0.06,3563.89,61.74,0.23,1175.43,0,87.23,0,0,0,0,25.9,14.58,2.6,457781.39,47.63,3145997.45,5265.48,245.53,586395.14,758.37,33.89,0,-32374.06,0,0,118993401,2025335.61,8125.46,40161843.42,0,2959424.31,0,0
1/08/2014,0,-2.62,-810.2,0,3765.17,46.99,0.05,1118.86,0,72.28,0,0,0,0,28.5,16.46,9,679591.58,0,3359900.43,4356.47,47.49,556914.38,773.56,26.81,0,43420.71,0,0,98802444.18,1253963.18,1146.11,30371995.15,0,1926443.93,0,0
1/09/2014,0,-2.36,-548.22,0.23,3555.88,57.85,0.04,823.47,0,69.26,0,0,0,0,29.5,18.54,9.1,474504.54,189.83,3184925.07,4834.55,39.71,447374.63,799.48,33.63,0,50280.89,0,0,116605102.9,1917671.36,1249.99,27992648.25,0,2316025.98,0,0
1/10/2014,0,-4.05,-484.19,4.29,3315.38,60.93,0.03,1274.61,0,45.95,0,0,0,0,34.2,21.7,12.7,402212.46,3627.31,2969027.31,5442.95,31.53,653162.02,766.47,23.94,0,75529.8,0,0,77271896.52,1403121.45,695.95,30841088.18,0,1183799.45,0,0
1/11/2014,0,-6.77,-564.87,3.12,3517.84,41.1,2.5,1485.8,0,28.26,0,0,0,0,38.9,24.62,15.3,469354.23,2571.16,3120438.41,3299.58,2621.21,768502.3,760.62,35.35,0,136857.04,0,0,120481359.2,1395523.47,233672.92,49521813.17,0,1386462.87,0,0
1/12/2014,0,-1.8,-508.7,2.64,3966.98,4.5,6.41,1217.29,0,24.71,0,0,0,0,35.5,24.95,17.5,426615.02,2173.92,3519524.4,217.97,6726.81,652048.06,796.7,116.49,0,32399.22,0,0,391834133,292008.91,13437041.23,140727497.3,0,5143214.28,0,0
1/01/2015,0,-5.12,-223.88,34.18,3900.16,14.86,15.19,1117.37,0,21.35,0,0,0,0,36.7,25.8,19.5,189054.05,28381.12,3450163.19,524.89,15948,596433.67,800.64,125.11,0,103603.58,0,0,430566856.7,1036543.88,11813292.22,156386104,0,4469723.21,0,0
1/02/2015,0,-2.3,-393.01,6.2,3600.93,17.26,2.54,990.56,0,63.51,0,0,0,0,34.4,24.48,19.5,330165.65,5313.06,3178403.17,413.03,2670.47,527209.5,789.57,35.29,0,52028.08,0,0,123822405.9,621431.87,84669.25,34335162.43,0,2306760.57,0,0
1/03/2015,0,-6.88,-240.78,35.9,3764.73,25.19,5.79,1227.41,0,85.63,0,23.96,0,0,36.1,25.01,17.8,197434.51,30256.89,3324812.32,760.3,6081.41,664413.8,778.08,138.41,0,165742.95,0,0,456732167.4,3417769.2,15553202.12,181387051.8,0,15681302.02,0,1804543.84
1/04/2015,0,-7.55,-481.7,0.24,3715.49,5.65,0.89,1022.67,0,58.04,0,70.69,0,0,29.4,21.02,11.1,396530.81,179.86,3265880.61,272.41,929.93,544458.67,778.94,32.91,0,214176.65,0,0,121354764.9,178395.08,33820.33,33408176.84,0,1937853.1,0,2240537.5
1/05/2015,0,-1.82,-460.39,0.8,3808.2,3.43,0.1,1026.13,0,31.36,0,68.14,0,0,29.6,18.51,8.1,386433.84,669.16,3341865.29,169.49,100.53,549276.06,783.22,31.74,0,44597.05,0,0,120221906.3,116387.35,2660.39,32549272.7,0,1042714.06,0,2005832.68
1/06/2015,0,-2.88,-581,0.15,3841.31,23.69,0.04,998.81,0,52.49,0,52.33,0,0,24.5,16.27,7,481158.66,129.52,3364759.96,1920.91,44.81,529052.64,778.75,32.25,0,71918.31,0,0,122729533.1,677786.64,1640.48,31406236.2,0,1750515.06,0,1560748.28
1/07/2015,0,-6.85,-375.38,3.43,4104.33,59.06,0.44,668.05,0,57.11,0,65.38,0,0,25.1,14.88,5.4,314097.61,2818.54,3604273.91,5445.94,461.25,341981.67,795.72,40.55,0,207723.11,0,0,162851284.3,2337692.9,30830.3,27063657.39,0,2427023.04,0,2324649.21
1/08/2015,0,-5.33,-362.32,0.96,3921.58,59.47,0.11,708.03,0,51.45,0,78.05,0,0,29.1,16.74,6.1,301304.27,798.46,3450807.04,5277.94,118.21,366845.05,791.23,39.24,0,153246.48,0,0,150776218.4,2284851.04,4716.63,28501783.14,0,2094606.96,0,2635899.17
1/09/2015,0,-4.1,-232.23,8.61,3769.74,58.2,0.03,604.05,0,22.32,0,85.42,0,0,29.4,18.09,7.2,198364.27,7166.32,3336083.97,5269.34,26.71,315401.39,803.7,45.46,0,168946.13,0,0,169645252.2,2616003.76,1243,27858415.56,0,1055468.98,0,3592487.41
1/10/2015,0,-2.03,-250.65,10.72,3805.66,59.76,0.07,787.79,0,14,0,140.49,0,0,33.8,21.23,12.9,211666.83,9127.97,3368878.16,5295.8,70.89,414059.18,785.35,37.33,0,49791.03,0,0,140998558.8,2195744.81,2426.23,29634171.34,0,562578.33,0,5501130.69
1/11/2015,0,-3.51,-317.38,15.12,3861.98,14.37,0.44,1035.36,0,20.24,0,369.69,0,0,33.4,23.96,16.1,260690.12,12345.69,3401277.79,901.69,458.83,552607.05,741.93,45.29,0,117195.41,0,0,171549842.2,521006.92,49663.83,48065695.42,0,1472352.27,0,19515329.21
1/12/2015,0,-5.43,-374.59,4.9,4100.18,5.9,0.36,989.47,0,27.9,0,378.78,0,0,32.5,24.15,16.9,314120.08,3987.13,3618561.28,282.62,372.73,524679.5,747.69,44.15,0,217098.4,0,0,179511781.2,280259.36,34986.97,43815687.33,0,1321267.72,0,18262233.06
1/01/2016,0,-1.97,-142.17,69.59,4126.68,28.17,4.18,810.17,0,45.27,0,373.01,0,0,35.7,25.01,18,121497.49,56622.99,3652652.46,815.44,4385.29,419205.33,755.17,53.89,0,56094.98,0,0,214375874.5,1468799.74,600568.85,48752156.24,0,2785246.51,0,24228595.93
1/02/2016,0,-2.02,-61.53,83.1,3814.18,26.23,22.74,911.33,0,22.57,0,366.03,0,0,36.2,26.19,19.8,52668.1,69269.71,3372869.38,734.95,23868.54,483234.79,752,132.81,0,64356.29,0,0,461241539.9,3321611.37,8906968.66,149862977.5,0,5717354.04,0,45722793.81
1/03/2016,0,-8.6,-141.1,36.38,4097.13,15.72,1.98,883.41,0,23.92,0,341.8,0,0,33.5,24.47,19,122040.04,28980.47,3640673.42,429.89,2073.62,460408.21,763.82,69.4,0,527318.82,0,0,271755926.8,1232095.77,158085.94,66895991.71,0,2466372.32,0,21991578.94
1/04/2016,0,-20.65,-201.91,20.69,4134.38,-0.74,17.85,579.52,0,28.27,0,305.6,0,0,30.8,22.8,15.9,177033.58,16764.07,3699594.32,0,18743.14,326333.87,798.76,68.57,0,1004464.34,0,0,277671724.4,0,1904322.01,42777759.53,0,2444696.75,0,19104886.34
1/05/2016,0,-35.58,-169.85,47.74,3942.28,-0.32,1.61,700.02,0,76.01,0,289.69,0,0,29.6,20.02,9.3,143644.11,38975.94,3548456.67,6.45,1691.21,365151.8,785.44,72.15,0,1422731.7,0,0,279532538,40403.6,137822.55,55965049.43,0,6434358.48,0,19992744.65
1/06/2016,0,-43.2,-442.05,0.76,4161.48,11.28,7.04,765.23,0,95.26,0,210.32,0,0,28.1,16.76,6.6,373144.73,628.2,3717586.26,1384.16,7386.44,401691.78,787.97,91.57,0,1908551.69,0,0,371459671.4,892931.85,1078121.47,79570683.95,0,9666458.36,0,17587823.38
1/07/2016,0,-34.31,-403.48,3.01,4391.14,10.81,1.87,603.07,0,92.9,0,257.8,0,0,29.1,16.58,7.2,341212.66,2513.76,3877421.16,1613.75,1963.22,308826.14,782.3,64.36,0,1142937.75,0,0,277006848.2,870334.81,309898.82,43717784.9,0,7016772.4,0,14941532.43
1/08/2016,0,-5.5,-277.42,14,4307.91,43.84,0.33,469.8,0,21.5,0,177.28,0,0,26.4,16.65,9.1,233790.94,11949.93,3793648.05,4457.04,341.84,241326.04,803.48,49.83,0,235861.69,0,0,210606451.9,2156596.36,37173.01,25380805.54,0,1378138.81,0,7156637.45
1/09/2016,0,-1.46,-261.24,33.26,3998.28,49.81,0.05,542.47,0,16.42,0,185.97,0,0,28.8,19.61,10.4,219724.94,27845.44,3522871.66,4834.64,52.73,281132.56,792.59,47.34,0,46977.87,0,0,187595045,2318300.59,2451.57,26410135.93,0,810395.92,0,8112674.08
1/10/2016,0,-3.3,-275.99,12.53,4189,49.87,0.14,499.09,0,26.65,0,239.05,0,0,32.2,20.84,12.1,234109.24,9011.48,3698686.21,4686.44,143.29,259257.46,789.03,55.09,0,141543.52,0,0,229806234.1,2713583.98,5622.49,29115241.32,0,1402229.85,0,12079318.39
1/11/2016,0,-6.94,-282.59,14.03,4192.57,57.53,0.34,709.75,0,35.9,0,246.89,0,0,36,24.02,13,238058.4,10585.67,3700738.3,5004.91,352.27,363877.74,773.53,72.6,0,241854.69,0,0,298113814.9,4004634.96,148018.17,56261734.03,0,2725019.55,0,20041981.07
1/12/2016,0,-11.81,-161.86,62.64,4429.85,41.32,1.11,615.13,0,24.78,0,238.66,0,0,34.1,25.09,17.8,139302.94,48903.69,3912518.09,3235.03,1168.36,322193.91,791.77,70.62,0,502680.63,0,0,300590372.3,2748295.43,90578.63,48526930.19,0,2234860.42,0,20320615
1/01/2017,0,-6.46,-138.19,49.9,4378.98,15.74,31.43,890.49,0,92.29,0,234.97,0,0,35.6,26.59,19.3,116649.27,42298.97,3884797.71,366.92,32998.12,468806.95,777.17,230.33,0,371964.35,0,0,896772926.2,4459839.32,21856092.39,273086798.4,0,22899381.99,0,58822756.91
1/02/2017,0,-12.63,-269.62,12.75,4164.42,16.13,37.22,849.19,0,89.98,0,230.45,0,0,37.6,26.83,19.6,225122.04,10557.82,3691714.97,339.16,39069.79,444344.39,773.93,262.17,0,1005803.76,0,0,983812939.4,3181500.17,31395964.01,285666555.8,0,30709045.79,0,71485352.49
1/03/2017,0,-15.33,-345.77,11.92,4430.62,15.16,2.32,866.27,0,89.41,0,193.18,0,0,35.7,25.38,19.5,291861.77,10273.64,3949107.44,380.05,2430.61,447168.58,784.62,90.18,0,1026721.2,0,0,392283589,1351317.19,254544.77,83349679.86,0,8635549.09,0,18379449.3
1/04/2017,0,-2.64,-554.02,0.03,3974.85,3.49,0.05,723.99,0,66.22,0,198.28,0,0,29,20.65,13,470122.69,27.01,3535504.39,168.92,48.36,372977.94,779.69,96.65,0,167142.79,0,0,379740625.9,340343.39,4490.9,71288256.27,0,6533802.78,0,18408522.53
1/05/2017,0,-1.95,-324.59,0.82,4124.1,5.36,0.23,636.46,0,59.29,0,164.33,0,0,27.7,19.02,11.2,274507.5,697.46,3646932.55,258.23,246.04,324714.63,792.95,87.55,0,135808.21,0,0,358086245.8,513563.34,22418.94,56927836.98,0,5144884.36,0,13341696
1/06/2017,0,-0.6,-529.62,0.12,4336.04,17.09,0.02,574.96,0,44.28,0,155.34,0,0,25.1,16.99,9.4,454769.47,99.25,3829530.3,1275.88,22.75,292009.84,797.84,78,0,31278.65,0,0,334691727.5,1282229.38,1665.95,45726469.08,0,3545286.96,0,11101346.65
1/07/2017,0,-0.55,-646.29,0.04,4616.51,57.4,0.02,483.32,0,45.7,0,187.84,0,0,26.4,15.55,5.9,558750.58,36.2,4107955.32,5406.76,22.07,257284,803.53,79.74,0,9102.47,0,0,362306917.3,4457276.84,1618.64,40342431.25,0,3817843.43,0,12964493.94
1/08/2017,0,-2.9,-656.01,0.04,4637.05,53.75,0.19,427,0,34.31,0,230.86,0,0,32.3,17.26,7.5,569613,29.39,4125908.31,4794.92,197.46,235941.92,803.77,83.93,0,190241.34,0,0,383755943.6,4400868.76,10797.58,37803462.69,0,3175903.32,0,15495519.93
1/09/2017,0,-5.62,-422.38,22.88,4288.31,51.2,0.53,359.86,0,27.22,0,255.73,0,0,37,20.33,8.2,361597.31,18388.71,3808988.75,4389.17,558.86,208761.55,803.78,81.98,0,393717.31,0,0,346996082.8,4141861.99,63949.64,30400179.19,0,2337275.7,0,18903307.71
1/10/2017,0,-20.05,-287.25,61.72,4243.62,38.39,2.51,495.29,0,29.43,0,212.77,0,0,33.1,22.09,13.9,249538.14,50880.53,3786004.49,3189.12,2636.84,265024.58,807.76,80.51,0,1496144,0,0,332268908.1,3298605.47,312879.11,40867243.95,0,3053925.59,0,16061153.24
1/11/2017,0,-1.48,-579.94,0.43,4453.47,55.47,0.23,540.49,0,16.67,0,251.38,0,0,29.7,21.8,14.6,500475.8,353.52,3956140.85,4917.43,239.34,268478.59,787.39,66.44,0,2667.17,0,0,293871720.8,3624408.26,15130.73,36440615.71,0,1163102.24,0,16897515.77
1/12/2017,0,-3,-426.85,19.81,4728.42,19.23,0.04,556.94,0,27.58,0,302.66,0,0,36.2,25.29,17.4,369335.33,16351.39,4221178.75,598.23,37.75,282339.61,794.51,73.35,0,179215.45,0,0,343280044.9,1400657.21,3221.27,42469352.73,0,2215377.36,0,23192050.28
1/01/2018,0,-4.83,-330.1,21.5,4628.62,21.51,0.79,786.81,0,26.45,0,298.9,0,0,37.5,26.14,17.4,285326.77,17891.05,4136684.03,617.7,826.19,386571.44,781.2,78.78,0,280276.33,0,0,357404486.7,1675542.92,49941.05,65523782.5,0,2267678.07,0,26476655.66
1/02/2018,0,-2.07,-331,13.87,4220.21,16.25,4.39,609.64,0,69.67,0,230.18,0,0,35.7,24.92,17.8,287819.71,10750.67,3747066.13,428.79,4608.47,301881.15,781.79,74.77,0,135790.34,0,0,307437767.2,1227935.71,655780.41,48705496.38,0,5167247.52,0,18273491.91
1/03/2018,0,-1.48,-427.81,3.47,4488.34,1.85,0.95,744.63,0,90.72,0,231.6,0,0,34.7,24.16,18.3,372719.62,2808.38,3989951.43,108.88,1001.21,359124.38,775.54,63.72,0,74091.87,0,0,283523717.4,157191.27,57206.24,48081833.15,0,5745823.72,0,14758429.3
1/04/2018,0,-5.99,-511.42,0.11,4264.93,4.11,0.06,650.99,0,91.65,0,227.25,0,0,32,22.07,14.9,438717.38,91.51,3801154.86,203.69,58.73,324952.25,781.03,64.9,0,342580.34,0,0,274725627.4,290773.35,3774.74,43487124.74,0,5989848.5,0,13753902.77
1/05/2018,0,-5.08,-538.61,2.19,4392.63,2.01,0.06,597.47,0,77.45,0,222.33,0,0,27.9,18.49,8.3,465618.94,1724.47,3907842.22,113.75,67.37,300701.12,788.31,66.68,0,241349.61,0,0,291151781.5,161078.1,3462.43,41261851.17,0,5251160.88,0,12597108.76
1/06/2018,0,-7.54,-558.28,0.2,4440.44,7.89,0.49,543.35,0,82.01,0,217.88,0,0,25.4,16.16,6.9,482628.58,163.08,3949992.97,316.46,515.73,283389.4,793.78,83.34,0,443067.56,0,0,362143224.2,671538.25,56341.25,52203097.67,0,7360819.18,0,13675614.58
1/07/2018,0,-6.77,-378.34,1.83,4451.05,24.7,0.05,387.07,0,75.47,0,258.68,0,0,26.4,16.13,5.2,327222.74,1490.8,3961947.32,700.13,50.29,208132.83,798.78,71.65,0,327046.19,0,0,315313310.5,1760886.61,3682.1,31190871.62,0,5510308.86,0,14773583.05
1/08/2018,0,-16.82,-441.31,2,4387.83,38.99,0.05,416.05,0,71.1,2.24,352.18,0,0,29.5,16.42,5.2,378533.58,1580.56,3926099.38,1031.91,51.57,228993.97,785.32,85.93,0,1023602.72,0,0,371360334,3233475.43,6304.89,41416849.76,0,7152094.58,230309.81,23558125.61
1/09/2018,0,-18.94,-493.87,0.01,4359.97,36.12,0.04,263.55,0,40.83,27.23,361.6,0,0,28.9,18.63,12.1,427591.09,7.76,3884889.1,918.03,37.11,154828.57,789.48,83.46,0,1129787.59,0,0,359513463.3,2935266.56,2684.72,25041177.42,0,4476397.41,2049532.99,24423132.14
1/10/2018,0,-16.4,-368.67,3.72,4454.58,34,0.1,264.92,0,24.31,19.13,376.86,0,0,32.5,20.77,12.5,313471.2,3092.57,3958668.36,838.76,100.35,154703.96,793.72,80.71,0,948196.68,0,0,356255859,2678679.61,7656.83,23287377.4,0,2401687.09,1499690.41,27494638.58
1/11/2018,0,-37.8,-161.68,48.67,4148.66,24.87,0.32,384.06,0,47.58,30.52,487.45,0,0,37.9,22.15,14.1,131268.53,38633.17,3678779.49,679,338.25,208387.71,763.29,92.65,0,2628841.44,0,0,374968009.1,2250799.34,23802.81,40759985.73,0,5710837.54,2574521.76,42370650.59
1/12/2018,0,-12.03,-354.62,11.42,4635.56,19.75,0.61,334.68,0,79.88,35.12,463.87,0,0,35.7,0,17.2,297143.12,8919.05,4116191.99,581.2,643.9,181206.1,769.13,83.03,0,641341.89,0,0,377434940.5,1703189.52,61589.52,30901021.42,0,6728516.11,2364441.72,39108479.24
1/01/2019,0,-12.07,-405.05,9.57,4569.11,17.71,0.03,699.88,0,113.99,39.23,490.73,0,0,33.6,0,20.2,335708.51,7939.47,4058237.19,457.45,36.47,355549.35,739.89,97.21,0,819697.33,0,0,439372335.8,1806340.33,3662.31,75333631.72,0,11219905.29,3616653.04,49651119.32
1/02/2019,0,-13.11,-255.29,24.1,4016.54,18.54,1.61,598.74,0,109.72,21.03,416.03,0,0,34.8,0,18.9,213195.92,19426.24,3564162.16,521.33,1685.47,295581.92,742.86,86.43,0,830660.58,0,0,342586709.7,1604589.6,194584.08,55188262.63,0,9453596.11,1611889.2,35704416.76
1/03/2019,0,-17.17,-397.01,8.18,4464.11,18.46,0.11,721.23,0,120.17,33.02,435.63,0,0,37.7,0,15.3,330637.19,6354.84,3971405.91,468.63,114.22,355219.05,743.11,83.18,0,1107067.24,0,0,366366989.9,1485378.08,8827.47,62478095.03,0,10128229.36,2657965.86,34785049.28
1/04/2019,0,-10.15,-467.2,1.08,4230.61,5.61,1.75,307.08,0,115.18,62.05,435.52,0,0,29.4,0,15.8,383037.23,889.57,3737469.74,266.88,1842.04,172152.83,753.94,70.25,0,475391.18,0,0,296188253.8,415343,219972.82,22385117.01,0,8153521.6,4197796.38,27174137.24
1/05/2019,0,-9.55,-374.58,4.63,4197.03,0.11,2.4,409.59,0,112.08,53.44,395.12,0,0,27.6,0,7.7,301751.95,3789.22,3709636.76,35.17,2544.05,225221.16,759.76,74.85,0,450137.65,0,0,312091759,62175.54,268407.25,32655365.76,0,8416028.01,3866593.42,24311856.13
1/06/2019,0,-11.75,-363.9,8.17,4007.56,18.4,4.06,517.89,0,104.74,46.04,360.64,0,0,27.5,0,7.6,298684.43,6729.27,3563791.43,400.97,4261.61,273485.3,756.63,88.3,0,743575.67,0,0,349081429.6,1467213.41,633304.93,52364312.85,0,9862761.15,3872274.32,24087683.87
1/07/2019,0,-17.55,-335.6,12,4051.84,27.96,1.48,452.19,0,94.15,37.01,452.37,0,0,27.1,0,7.4,265474.14,9245.31,3602181.27,751.94,1549.38,233399.1,749.95,68.72,0,739000.93,0,0,275922278.3,1895112.53,122221.11,35022798.92,0,6885584.4,2405425.56,22450634.14
1/08/2019,0,-13.83,-564.59,3.05,4109.94,36.65,1.33,474.28,0,63.78,55.2,551.47,0,0,28.7,0,7.7,455562.73,2310.46,3676096.97,929.35,1394.9,243755.73,735.37,65.66,0,273180.76,0,0,265882836.4,2302464.38,102805.59,38484712.5,0,4531736.59,3492943.25,17003318.24
1/09/2019,0,-3.96,-654.65,0.29,3988.99,31.78,0.55,467.65,0,59.97,62.72,611.9,0,0,34.8,0,10.4,533093.92,194.48,3562544.67,817.48,581.59,251411.47,719.01,63.87,0,-3295.91,0,0,254397641.6,2049043.56,108188.95,36688633.52,0,4033838.17,3778178.54,13134708.39
1/10/2019,0,-24.26,-547.62,1.49,4161.76,21.19,0.44,452.7,0,59.28,61.92,643.72,0,0,30.8,0,12.3,443917.29,1020.52,3716086.42,568.36,461.13,238628.38,727.21,77.57,0,1282126.78,0,0,316933924.7,1659527.43,72570.63,40493148.7,0,5536047.4,4728551.57,34202082.59
1/11/2019,0,-21.74,-279.54,10.66,4039.65,22.38,0.24,390.07,0,32.21,64.92,751.34,0,0,34.8,0,15.1,218245.62,8194.52,3585664.36,560.63,248.42,204841.94,714.8,63.45,0,597663.53,0,0,253907424.2,1446619.78,11230.47,27963595.95,0,2756746.09,4091481.04,35565878.47
1/12/2019,0,-19.33,-152.86,80.48,4223.46,18.58,0.08,459.6,0,26.68,60.47,792.42,0,0,41.2,0,17.4,118284.51,63934.95,3759823.86,562.75,86.66,242269.21,719.25,56.9,0,826254.21,0,0,236101713.1,1086942.82,4417.16,29177788.88,0,2021325.04,3301569.69,40126868.4
1/01/2020,0,-17.08,-267.14,23.89,4505.35,11.06,0.15,644.04,0,39.74,46.61,662.51,0,0,33.5,0,20.7,217794.39,19108.93,3998100.81,286.35,152.19,318137.02,728.96,72.03,0,783700.61,0,0,313603865.2,689528.52,10707.46,60653909.56,0,5207365.63,3196855.23,44401439.51
1/02/2020,0,-14.9,-219.38,30.23,4168.59,18.83,0.47,599.29,0,44.49,41.81,580.51,0,0,34.5,0,19.9,177873.09,22887.4,3706185.49,384.83,496.05,291332.43,732.09,55.75,0,699651.98,0,0,229195421.5,1028921.12,41771.7,36981854.67,0,2861942.83,2213512.66,30336852.29
1/03/2020,0,-18.24,-443.36,18.07,4037.28,3.09,0.2,749.56,0,50.16,93.82,657.34,0,0,33.4,0,17.3,349321.57,14171.35,3586528.18,71.34,206.75,362471.57,702.05,43,0,413820.87,0,0,169983304.9,190297.69,12157.8,33870382.05,0,2535579.27,3722406.55,22419513.31
1/04/2020,0,-15.83,-310.82,10.13,3738.71,0.48,0.03,515.89,0,36.18,86.82,630.71,0,0,33.6,0,14.1,237105.52,7675.11,3312993.66,44.47,34.52,257245,711.99,38.28,0,218984.37,0,0,142906915.2,34588.5,1069.77,21348713.46,0,1883118.9,3064176.58,17370022.67
1/05/2020,0,-18.75,-390.66,1.79,3741.34,-0.52,0.04,556.5,0,56.19,144.15,515.49,0,0,27.1,0,10.2,309326.07,1384.58,3314695.61,1,36.9,275251.41,712.62,33,0,-290287.02,0,0,122060459.4,3033.01,1524.88,21559850.26,0,2452868.24,4686579.59,6223093.85
1/06/2020,0,-17.77,-448.27,0.38,3624.84,13.94,0.02,763.63,0,47.61,143.34,465.72,0,0,26.1,0,9.1,359169.23,304.12,3203832.69,290.49,25.9,366399.49,699.19,35.01,0,104143.66,0,0,126132602.8,453463.75,796.24,29797903.21,0,2347186.72,4697775.66,8621696.41
1/07/2020,0,-20.89,-409.85,0.17,3724.65,14.66,0.05,773.02,0,67.1,126.92,511.83,0,0,25.4,0,7.6,318329.2,136.52,3276398.31,334.05,57.03,377083.52,696.72,40.3,0,248703.07,0,0,147397253,607316.24,1826.31,35082968.74,0,3326553.99,4726688.67,11688585.55
1/08/2020,0,-30.34,-559.16,0.28,3858.15,21.92,0.38,536.83,0,61.94,112.35,634.72,0,0,27.2,0,8,435031.24,178.75,3395594.24,591.31,396.76,271401.87,697.24,32.95,0,-175060.91,0,0,126493394.5,703566.35,16863.87,22079295.93,0,2842573.78,3592513.96,5221827
1/09/2020,0,-30.57,-278.35,0.64,3580.14,31.47,0.07,299.97,0,62.7,150.9,663.23,0,0,31.4,0,10.3,215847.66,479.08,3146890.74,792.52,72.57,161287.06,690.52,29.6,0,-167115.75,0,0,106547210.7,909618.69,1990.21,11582111.91,0,2639796.59,4205313.4,4967162.98
1/10/2020,0,-30.52,-458.8,0.06,3880.61,30.71,0.32,443.22,0,52.76,134.61,745.58,0,0,30.5,0,14.6,360035.42,42.35,3440540.6,781.37,337.23,223556.09,688.8,37.49,0,315816.18,0,0,143874927.1,1136261.33,15936.5,20157347.63,0,2662011.75,5005201.33,16228575.36
1/11/2020,0,-32.48,-280.39,2.83,3897.99,25.83,0.13,376.1,0,72.02,126.57,877.59,0,0,32.2,0,15.5,216591.61,2043.24,3464539.95,616.69,136.05,195997.56,680.34,50.01,0,623038.27,0,0,190034605.1,1236399.48,8949.35,24106972.83,0,4362048.07,5746837.26,32147708.99
1/12/2020,0,-18.69,-214.02,31.52,4274.14,11.65,3.83,515.65,0,29.98,130.88,776.11,0,0,33.9,24.97,17.3,167961.72,23333.31,3771438.08,313.87,4018.03,262554.56,702.7,58.38,0,568561.31,0,0,240835389,676578.33,474360.15,36870710.7,0,2645219.62,6394327.26,42827118.23
1/01/2021,0,-18.04,-256.74,27.99,4112.68,11.2,0.52,457.48,0,105.02,142.59,764.54,0,0,35.3,24.97,18.5,199316.51,20513.4,3635475.38,258.38,546.41,225190.34,688.7,42.64,0,499152.88,0,0,173020742.7,473882.06,42853,22549039.75,0,4806425.23,5608206.32,28045162.57
1/02/2021,0,-3.27,-128.92,59.12,3734.42,14.62,1.15,447.21,0,82.47,95.45,680.65,0,0,29.7,25.1,19.7,99595.42,44795.88,3304867.41,336.62,1206.98,219869.52,696.68,44.73,0,89636.17,0,0,162572669.3,590832,315142.55,24200644.11,0,3861240.41,3930552.68,23910079.29
1/03/2021,0,-9.3,-174,37.32,4009.94,1.79,1.32,492.2,0,84.24,139.39,677.6,0,0,32.9,23.77,16.8,132986.19,28266.36,3554691.19,118.68,1386.31,243706.11,702.44,50.39,0,89039.3,0,0,195650572.5,101959.47,178165.4,31986405.96,0,4702288.6,5899699.13,21001341.5
1/04/2021,0,-24.73,-356.54,8.87,3908.66,0.88,0.33,359.56,0,98.86,133.22,590.2,0,0,32.7,20.5,12,279925.2,6371.69,3448107.77,62.41,342.85,189627.79,712.94,60.06,0,186921.23,0,0,226932547.5,71259.44,15343.03,31723077.79,0,6886479.32,5908647.13,16383283.78
1/05/2021,0,-30.83,-272.18,16.05,3755.7,0.84,17.98,432.29,0,104.78,152.88,582.94,0,0,27.5,18.07,8.8,209035.21,12056.74,3327274.96,62.42,18875.77,244554.36,712.91,138,0,315534.26,0,0,419570530.3,86479.54,12831657.82,120592685.2,0,30769013.91,11290550.66,28326444.51
1/06/2021,0,-34.54,-223.12,36.05,3388.32,14.9,13.93,769.9,0,99.69,146.35,518.9,0,0,23.9,15.79,6.8,164629.5,27883.83,3000313.04,338.88,14618.79,397020.16,692.45,245.3,0,1433974.25,0,0,727861782.6,2912937.92,11136110.76,290477968.4,0,37660885.46,21238340.56,40110673.49
1/07/2021,0,-45.48,-288.57,17.73,3800.41,25.98,28.53,527.21,0.01,105.35,175.25,614.63,0,0,25.8,15.74,6.3,208671.2,13306.74,3357724.55,567.81,29952.5,275574.23,699.14,157.33,0,2064298.9,0,0,550946535.3,3743520.18,13435552.57,122200496.8,351.47,24555846.91,23155396.38,35364660.68
1/08/2021,0,-39.71,-285.46,9.67,3754.75,32.88,3.16,403.39,0.01,49.33,179.94,702.99,0,0,27.4,17.35,7,211954.3,6967.59,3310946.87,826.75,3313.11,205918.11,689.26,58.64,0,584492.47,0,0,215372277.2,1871208.24,357062.27,30071372.2,206.3,4930002.28,10342631.02,13006842.99
1/09/2021,0,-37.24,-177.92,12.55,3552.54,20.93,3.32,293.54,0.14,64.66,175.73,745.65,0,0,29.4,18.82,9.9,131484.79,8960.68,3128958.91,543.29,3489.55,150744.61,679.26,59.05,0,-1873.78,0,0,203804193.4,1353730.91,382621.91,23361208.7,-1128.63,5294864.12,10310728.31,11366901.86
1/10/2021,0,-32.21,-130.93,30.98,3656.65,27.54,8.04,374.04,0,82.33,127.68,877.51,0,0,36.3,22.3,12.6,92019.37,22231.62,3225862.63,708.85,8441.8,206132.35,671.37,75.71,193.71,-146419.21,0,0,263777766.1,2066833.74,1403143.05,37136077.09,16.36,9228232.81,9666708.48,17555486.41
1/11/2021,-0.02,-39.08,-133.34,38.01,3724.86,18.49,2.43,381,0,74.65,151.79,815.24,0,0,30.8,22.89,12.4,96211.29,28956.35,3296936.69,480.23,2552.89,206616.33,683.22,106.06,5688.58,1526011.52,0,0,376688125.4,1955251.47,528068.57,51951492.5,486.64,12231801.56,12917987.6,69036046.25
1/12/2021,-0.4,-59.19,-74.3,101.28,3774.55,12.06,3.59,450.16,0,70.45,121.07,1008.99,0,0,32.8,24.19,17.9,51656.6,70195.17,3343166.11,317.71,3766.07,231701.61,665.19,151.13,28554.83,2772103.81,0,0,516940923.8,1536998.86,6515057.43,114496226.5,2198.35,29371985.96,12552654.87,74180813.6
1/01/2022,-0.53,-78.86,-32.49,208.16,3819.3,12.29,2.34,449.16,0.05,104.64,145.23,950.18,0,0,31.8,25.22,19.3,21335.46,149034.13,3387345.86,255.61,2455.59,240960.06,673.67,155.34,56929.11,6391612.87,0,0,556385530.4,1621649.27,2797121.81,104871632.8,7875.74,30960999.57,16563488.83,98000324.31
1/02/2022,-0.39,-47.45,-66.24,123.4,3431.23,6.42,2.92,382.62,0.25,112.24,144.7,860.58,0,0,35.1,23.9,18.1,46633.58,86682.39,3051304.76,138.08,3069.81,207073.78,666.96,194.08,30981.04,3699773.91,0,0,593392449.7,1384790.3,10571782.78,142248401.6,21623.04,37773412.77,15895351.04,131168550.8
1/03/2022,-0.37,-45.56,-163.73,23.2,4102.36,-0.5,1.21,465.45,0.23,110.15,125.09,876.08,0,0,34.3,23.99,18.3,119718.09,16058.27,3619681.55,0,1274.47,244631.49,684.78,171.95,46979.61,3812842.47,0,0,645418492,0,4481114.51,131335566.9,150722.97,34982653.99,11935206.1,78749285.21
1/04/2022,-1.58,-57.81,-143.79,26.82,3572.82,-0.44,4.07,402.55,1.01,92.13,168.88,721.19,0,0,29.7,21.69,16.2,102932.92,18984.05,3143625.18,0,4270.79,223564.35,686.92,235.96,202377.99,6820731.37,0,0,813451965.2,0,2832420.98,116550806.1,666981.77,32561406.75,33309525.03,104967361.4
1/05/2022,-3.86,-43.3,-164.52,23.07,3564.78,-0.56,7.67,631.57,2.96,113.05,159.56,533.04,0,0,27.9,19.69,11.2,117219.94,14712.52,3143069.98,0,8053.23,324708.73,699.36,367.62,905311.27,9206301.84,0,0,1263066534,0,7264579.92,264649470.3,2739038.3,55087223.6,51014278.4,127439133.8
1/06/2022,-2.57,-64.28,-457.93,4.33,3672.4,5.73,8.38,636.77,1.95,116.42,162.92,630.14,0,0,23.5,14.84,7.8,332546.29,2933.32,3244116.1,125.4,8800.61,332744,690.71,436.67,494910.2,12868124.06,0,0,1497753305,1840216.5,4052877.56,328529321.5,2639870.28,67210829.38,72516672.42,138146936.5
1/07/2022,-3.5,-83.88,-448.7,6.93,3921.24,3.94,1.97,603.34,2.87,143.55,177.27,674.77,0,0,24,14.54,7.2,312643.68,4416.66,3461175.96,89.65,2070.32,313571.05,693.76,436.56,407787.45,15553994.06,0,0,1606049070,1259943.58,3742718.04,334215668.6,1425015.13,76502112.06,58246541.27,111981225.1
1/08/2022,-5,-79.11,-308.38,11.66,3671.64,25.17,0,448.42,4.22,100.21,176.46,799.3,0,0,28,16.03,6.1,216386.56,7714.65,3225974.38,509.43,0,240205.56,672.51,147.11,221282.94,1365261.43,0,0,527103949.7,3577580.26,0,79781756.34,1110483.07,20836273.46,24587331.22,33249292.81
1/09/2022,-4.97,-75.69,-195.59,37.26,3384.8,25.84,0.35,311.47,4.12,104.98,148.06,886.63,0,0,29,18.75,10.3,131973.49,25849.1,3006412.37,523.17,368.52,168844.94,663.46,168.8,283065.38,2825910.88,0,0,560300705.3,4291613.48,107687.15,62959849.59,1123249.28,22898511.21,25535211.47,58639672.8
1/10/2022,-5.13,-52.24,-234.15,61.69,3555.14,22.98,0.06,362.21,4.15,68.59,173.86,967.62,0,0,33.8,20.97,12,164037.21,43021.09,3167246.43,490.63,61.38,194722.28,658.2,163.56,392112.21,3608846.45,0,0,571565348.9,3601749.8,8675.89,70703740.05,1145238.32,14472805.11,28061348.15,99049392.57
1/11/2022,-4.75,-65.19,-159.82,107.66,3202.24,30.85,0,351.74,3.96,64.67,163.85,1176.4,0,0,34.2,22.13,12.9,95562.53,69284.41,2846761.23,779.65,0,190270.38,618.18,133.05,194670.21,1867932.71,0,0,419222484.8,3854276.07,0,59285136.23,870171.72,13280065.35,19984216.4,65808156.8
1/12/2022,-2.79,-74.13,-196.51,88.45,3430.86,19.58,0.48,305.93,2.07,68.04,163.2,1258.7,0,0,34.3,23.15,16.2,124566.69,57156.45,3045110.38,529.5,501.88,166312.45,621.07,94.45,73427.84,249854.14,0,0,319764894.1,1926543.21,56278.34,41007880.31,412453.5,9645348.94,15221177.37,34821692.94
1/01/2023,-3.1,-66.84,-258.33,42.87,3797.41,7.05,0,388.52,2.39,138.21,159.29,1190.06,0,0,33.6,24.94,18.1,174782.59,28543.03,3368136.74,294.67,0,201316.82,634.27,108.56,151638.3,2724510.2,0,0,398411376.4,778596.55,0,56135835.13,402630.11,18729027.88,15910389.43,74751266.44
1/02/2023,-3.52,-58.44,-302.69,35.85,3676.29,2.9,2.68,359.12,2.98,117.83,174.72,1095.86,0,0,35.6,25.31,18.5,210366.18,23543.49,3261321.11,144.21,2818.49,185162.77,639.28,95.83,132492.28,1980988.78,0,0,343963268.7,313387.33,665327.85,45055097.44,472516.5,13382676.49,15632572.81,60433959.45
1/03/2023,-3.91,-46.18,-287.34,36,4125.09,0.38,2.52,466.66,3.1,131.29,141.43,1092.1,0,0,36.3,25.42,16.8,203699.63,24902.28,3659291.27,26.16,2645.4,243066.9,658.21,139.41,225813.57,2497608.48,0,0,533796193.8,54547.15,4050940.18,101395394.6,1445429.34,23046231.5,14265701.64,82042326.91
1/04/2023,-5.03,-56.26,-275.15,38.73,3501.06,-0.31,3.1,321.98,4.39,133.88,172.62,1027.72,0,0,30.5,21.4,13,172816.6,28727.59,3092337.65,0.03,3253.09,178319.92,643.1,120.84,293192.31,1240562.49,0,0,414700111.4,68.13,852439.26,56372253.95,767031.08,19689352.42,17163275.37,43220201.11
1/05/2023,-5,-45.03,-428.88,17.39,3522.04,0,3.52,569.27,4.26,101.58,247.51,1015.36,0,0,26.9,16.93,7.6,287541.33,12804.78,3137311.63,11.7,3693.16,288626.6,630.73,186.68,336214.38,1132093.21,0,0,637696402.4,257114.78,1937953.18,156175317.3,1960561.6,26198217.9,37059801.08,47839895.82
1/06/2023,-6.07,-37.17,-209.72,57.73,3407.62,19,2.45,477,5.26,73.02,226.69,824.57,0,0,25.5,16.35,7.6,137398.93,41523.92,3014496.15,385.99,2568.6,243243.37,653.84,113.9,307870.48,1004041.47,0,0,374429195.7,2093818.48,865799.59,77601958.1,892657.2,12865208.81,20999536.72,31709167.87
1/07/2023,-6.19,-47.24,-331.95,19.2,3728.91,6.96,0.34,434.1,5.32,72.9,243.31,862.21,0,0,27.6,16.19,7,225218.41,13686.08,3293493.92,153.32,359.07,218133.36,661.73,85.9,193479.78,439059.63,0,0,316718565,727391.96,30802.46,50125415.73,752568.08,8939943.36,19603901.47,13177326.49
1/08/2023,-5.73,-61.36,-448.56,5.36,3530.3,23.56,1.93,390.03,4.88,104.84,258.25,1085.57,0,0,29,17.85,8.9,304970.7,3690.46,3132665.12,514.48,2024.02,195976.5,619.73,79.57,47957.69,-1514756.09,0,0,280715349.2,1744202.85,514477.18,51004281.06,778704.04,11347705.53,18130652,-8074084.76
1/09/2023,-7.13,-104.04,-337.45,9.31,3280.89,24,0,295.88,5.88,121.3,282.19,1162.64,0,0,31.8,19.47,11.1,219116.66,5631.45,2902794.69,530.44,0,158037.73,601.65,62.36,-12814.66,-2717989.86,0,0,206069658.5,1518987.26,0,29173936.21,805966.94,13186101.89,15857737.44,-15781700.38
1/10/2023,-5.46,-96.29,-205.64,60.52,3256.73,34.36,0,259.64,4.64,119.08,244.37,1391.02,0,0,32,21.68,13.3,114831.23,41036.18,2878321.96,922.89,0,139747.25,581.71,46.63,-36969.08,-2509663.75,0,0,150794156,1510003.5,0,17769061.45,536493.14,9409452.14,11969488.41,-20504447.64
1/11/2023,-6.21,-71.52,-297.77,37.1,3465.8,32.53,1.2,378.84,5,91.21,238.8,1243.38,0,0,34.3,22.75,15.2,191057.18,25689.21,3064330.54,856.07,1256.63,194023.98,604.71,81.81,163842.08,204376.5,0,0,282891784.8,2488225.92,499730.18,45787783.32,929621.44,10960282.5,19475808.5,31307149.74
1/12/2023,-7.7,-88.22,-139.63,146.21,3656.37,7.42,1.58,405.15,6.29,122.15,216.8,1476.77,0,0,37.8,26.02,19.1,78224.38,98219.94,3230239.17,277.54,1662.53,213908.33,597.27,109.22,265320.27,1005029.84,0,0,381056366.9,641765.82,1386297.2,76515858.44,1976583.7,19486935.87,18595885.17,107834445.6
1/01/2024,-7.62,-65.47,-86.25,196.27,3854.16,-0.3,12.62,485.12,6.11,108.2,204.65,1312.08,0,0,35.4,26.23,20.5,50252.36,132914.34,3426184.96,0,13246.52,252233.75,627.01,195.44,479745.79,3039215.46,0,0,697361482.6,0,15573769.2,191596869.4,6732793.7,37015620.12,27647675.09,152903324.8
1/02/2024,-7.38,-69.57,-119.74,120.76,3700.47,4.95,9.41,467.67,5.89,106.69,163.68,1252.91,0,0,34.1,26.11,20.1,72484.2,82261.2,3278463.88,233.18,9881.88,245903.62,628.89,137.74,382505.2,2955293.02,0,0,488169914,829255.29,6783689.77,110036967.9,2911052.51,20515680.27,17708502.43,136316400.7
1/03/2024,-7.56,-72.49,-159.94,104.24,3797.78,4.14,0.01,313.66,6.15,112.29,296.46,1152.96,0,0,32.4,23.91,18.6,98190.3,66395.36,3361964.29,221.76,11.46,157520.36,628.71,79.5,267908.21,1751637.32,0,0,302475730.1,431389.45,413.3,35046498.22,895188.82,10897253.41,21650150.57,56872293.61
1/04/2024,-7.21,-88.26,-271.59,49.22,3590.49,9.78,1.25,331.79,5.92,119.06,237.16,1070.35,0,0,31.2,21.86,15.8,180668.94,33981.07,3185694.52,350.08,1309.21,174784.18,636.98,92.31,254392.95,1713017.9,0,0,330554736.6,985113.51,251160.36,42753912.93,962055.79,13735688.58,20667792.47,34722960.52
1/05/2024,-11.09,-78.73,-396.97,1.49,3848.17,7,2.78,316.88,9.23,118.59,311.31,904.6,0,0,26.4,18.62,10.2,284524.7,946.79,3402951.29,151.27,2920.81,179754.92,656.07,102.02,330276.74,93000.88,0,0,392969073.4,629963.2,499773.72,45894117.44,1733954.62,15575456.36,28861139.93,16862690.95
1/06/2024,-9.32,-79.19,-441.56,11.56,3859.96,11.34,4.82,415.98,7.8,113.13,164.29,918.75,0,0,27.2,15.97,8,310056.1,8052.23,3419507.95,238.16,5058.52,229573.39,673.5,139.2,485161.76,913540.23,0,0,522668338.6,1517567.13,1611697.75,84054336.22,1703441.81,19205266.09,20671913.91,29927648.1
1/07/2024,-11.29,-78.21,-295.66,65.4,3568.25,20.63,0.95,478.11,9.06,134.35,288.22,992.29,0,0,23.9,15.41,6.8,186409.86,46557.28,3158180.35,447.32,993.37,250568.4,632.3,135.07,401747.37,1106079.77,0,0,468661458.7,2680165.57,180152.1,96089831.14,3010757.68,24426276.19,34123655.72,29338609.2
1/08/2024,-13.22,-100.01,-256.85,58.82,3404.36,19.32,0.3,460.94,10.27,129.04,238.23,1116.4,2.45,79.46,32.3,18.72,7.3,157232.45,37545.13,3004294,565.64,313.21,239286.35,616.62,152.09,377282.37,826931.13,0,0,509367218.8,3051859.14,73285.18,113953907.6,3289961.59,33004683.78,32256539.01,23244325.51
1/09/2024,-15.12,-112.08,-233.72,40.29,3197.13,35.81,0.21,288.8,11.72,121.33,244.98,1247.46,15.56,182.95,33.3,19.93,11.8,137506.45,24618.31,2803571.98,890.23,225.3,153053.45,589.38,61.24,-240335.04,-3422382.84,0,0,195219230.4,1988303.55,13150.73,26103130.25,1786221.5,12521942.6,14461961.65,-24151304.69
1/10/2024,-21.45,-113.19,-154.63,42.41,3206.47,35.75,0.98,284.11,15.88,139.6,270.6,1437.9,21.28,179.21,32.1,21.72,12.1,91150.98,24846.86,2814450.87,908.79,1031.58,156330.38,564.96,84.82,23961.52,-2461438.2,0,0,277144270.3,2813664.87,330733.86,37924417.69,2957646.22,17939363.53,23292409.96,7250969.24
1/11/2024,-24.19,-94.25,-146.77,64.54,3263.32,35.52,7.47,472.82,19.51,107.17,273.11,1434.52,6.76,59.44,33.4,23.88,17.2,91755.07,36314.69,2906578.59,905.74,7838.49,246670.78,573.93,215.22,1151967.41,2389124.01,0,0,668122521.9,6099365.47,13341382.69,174753335.3,12351072.82,44538388.84,42600444.44,101830017.2
1/12/2024,-24.39,-106.42,-117.87,166.38,3578.58,21.59,12.17,492.63,19.89,132.4,184.2,1538.55,4.04,87.92,34.7,25.52,18.6,71038.17,104374.4,3175617.67,628.12,12771.81,253367.1,589.34,153.09,1160378.73,3280030.17,0,0,532240128.9,3732552.55,7878447.94,124169325.9,6746086.82,28383318.95,28002278.11,95632593.64
1/01/2025,-24.67,-99.22,-123.18,161.8,3750.47,9.21,4.06,343.42,19.88,123.42,232.94,1584.1,0.74,68.49,37.2,25.36,18.5,75217.66,99717.69,3327552.98,260.38,4262.67,177929.38,590.84,142.43,555691.2,797264.91,0,0,498315612,979788.84,7726674.49,107532146.7,9590965.32,27597727.2,25102215.86,57965247.72
1/02/2025,-20.77,-87.92,-206.74,63.81,3471.04,1.93,1.07,362.21,16.84,109.97,265.43,1345.7,15.63,52.66,33.1,25.41,19.6,133151.78,36956.81,3074140.91,131.74,1123.35,191030.92,595.62,82.21,352539.24,887097.08,0,0,293625508.3,314735.03,136863.85,39681312.91,2680539.32,12551598.59,22259297.02,31577365.2
1/03/2025,-24.99,-76.09,-188.88,64.96,3968.74,2.75,0.01,310.09,19.86,112.61,310.14,1150.53,2.32,33.11,33.7,24.19,19,125775.04,40970.74,3526312.04,158.82,11,165925.16,638.54,84.73,878908.04,876464.21,0,0,342980793.2,317913.2,1138.43,34271663.19,3067090.62,12838928.89,26174648.86,31843152.46
1/04/2025,-35.54,-91.4,-250.13,59.22,3485.96,-0.66,0,275.41,29.52,117.47,272.81,1213.5,3.84,42.44,29.8,21.89,15.4,152903.87,37097.45,3102237.19,0.01,0,149180.43,617.71,109.8,971011.83,764220.74,0,0,385395356.3,140.43,0,45187356.52,6892284.07,20327616.54,28286196.38,29388015.74
1/05/2025,-33.61,-92.43,-268.24,39,3485.75,0.25,1.2,357.67,28,151.52,346.57,1027.6,4.28,19.02,28.5,19.4,11.7,170234.81,24392.1,3106538.51,29.23,1255.03,184508.97,623.9,104.21,1539618.61,3026028.62,0,0,364505821.3,133404.66,228135.96,52039950.16,4813777.43,21104734.03,30008265.88,40790042.63
1/06/2025,-41.7,-72.69,-496.08,15.6,3759.73,23.08,1.15,395.27,35.66,127.06,401.26,966.12,7.09,30.39,24.3,15.81,5.2,320755.62,9865.44,3343304.71,529.68,1211.26,188990.34,630.2,201.4,2166981.24,2125583.94,0,0,717774161.8,4818963.5,468134.67,159895838.7,17764712.07,36327756.28,57992446.22,32659527.08
1/07/2025,-38.92,-91.92,-396.98,31.34,3645.76,30.69,0.83,353.2,32.88,138.32,462.02,1121.24,4.24,69.63,24.8,15.58,6.3,240451.68,20573.24,3241880.3,734.32,867.4,175276.9,604.88,92.28,1013716.06,646260.58,0,0,331782960.2,2799934.87,161924.38,45689207.12,5503289.05,17477561.75,38569074.52,20077448.97
1/08/2025,-47.21,-102.05,-457.66,22.4,3574.84,33.57,0.38,411.36,39.38,127.35,375.65,1229.94,21.39,200.31,27.7,16.4,8.4,288392.27,15067.94,3169809.96,808.56,395.6,203276.84,595.43,90.79,762830.88,-315296.3,0,0,316682471.6,2875727.92,62788.39,51162597.62,6531989.02,17127772.39,34839368.44,7505436
1/09/2025,-50.98,-112.55,-266.02,14.97,3210.05,34.12,0.83,226.78,42.56,132.85,376.17,1338.75,31.33,241.28,29.9,19.62,10.6,170468.9,6728.72,2838842.07,833.16,875.17,121750.1,565.65,64.71,-216166.21,-1495703.76,0,0,209498465,2118154.55,225624.45,22989729.52,4723756.12,13362273.55,25213964.16,-6572395.57
1/10/2025,-50.58,-105.16,-234.67,36.74,3421.32,36.43,1.4,245.97,41.56,133.76,439.92,1592.81,24.11,219.2,38.5,23.39,12.6,148457.98,16149.84,3033466.53,923.29,1471.12,129216.36,545.51,65.17,157233.77,-966141.19,0,0,227579723.8,2245837.72,257677.72,23312596.82,4577538.61,12878663.22,31408400.2,10544849.7
1/11/2025,-74.57,-109.59,-164,109.67,3378.19,10.3,0.94,286.29,60.61,123.87,433.65,1589.19,20.59,153.92,33.9,24.29,15.3,100672.57,51085.8,3003025.37,377.71,991.71,148329.23,549.76,71.56,382133.66,-135590.49,0,0,247642825.1,721894.71,188609.63,30668991,7852581.59,13946916.17,31950249.58,13478987.96
1/12/2025,-105.3,-110.59,-254.49,85.15,3584.44,2.09,0.39,236.25,87.56,110.25,474.58,1791.48,18.99,121.34,35.3,24.9,17,154573.6,37590.42,3171799.09,138.67,413.81,125907.87,539.03,61.69,1116039.64,335345.51,0,0,226175047.6,168797.36,62222.85,20364879.88,8259867.82,9970196.31,33032458.68,30775557.96
1/01/2026,-116.01,-98.5,-158.74,144.52,3550.88,9.26,0.22,197.62,95.53,154.02,504.75,1702.46,3.19,24.53,36.5,25.93,19.2,95025.4,74382.55,3137736.61,301.86,228.43,109645.68,539.14,70.44,2656155.52,1778998.74,0,0,249968477.1,723363.75,46775.74,22796338.73,12447733.41,14861743.85,33457387.25,53314119.17
