date,Battery (Charging) -  GWh,Exports -  GWh,Imports -  GWh,Coal -  GWh,Gas -  GWh,Battery (Discharging) -  GWh,Hydro -  GWh,Wind -  GWh,Solar -  GWh,Wind (Curtailment) -  GWh,Solar (Curtailment) -  GWh,Temperature Max - C,Temperature Mean - C,Temperature Min - C,Exports Emissions Vol - tCO₂e,Imports Emissions Vol - tCO₂e,Coal Emissions Vol - tCO₂e,Gas Emissions Vol - tCO₂e,Emissions Intensity - kgCO₂e/MWh,Volume Weighted Price - AUD/MWh,Battery (Charging) Market Value - AUD,Exports Market Value - AUD,Imports Market Value - AUD,Coal Market Value - AUD,Gas Market Value - AUD,Battery (Discharging) Market Value - AUD,Hydro Market Value - AUD,Wind Market Value - AUD,Solar Market Value - AUD
1998-12-01,0.00,0.00,0.00,2997.69,16.21,0.00,121.19,0.00,0.00,0.00,0.00,0.00,0.00,0.00,0.00,0.00,3837209.43,11046.99,0.00,20.57,0.00,0.00,0.00,0.00,0.00,0.00,0.00,0.00,0.00
1999-01-01,0.00,0.00,0.00,3997.70,11.40,0.00,151.57,0.00,0.00,0.00,0.00,0.00,0.00,0.00,0.00,0.00,5128693.98,8123.69,0.00,0.00,0.00,0.00,0.00,0.00,0.00,0.00,0.00,0.00,0.00
1999-02-01,0.00,0.00,0.00,3798.21,20.23,0.00,115.44,0.00,0.00,0.00,0.00,0.00,0.00,0.00,0.00,0.00,4910845.18,11566.11,0.00,0.00,0.00,0.00,0.00,0.00,0.00,0.00,0.00,0.00,0.00
1999-03-01,0.00,0.00,0.00,4244.41,20.32,0.00,46.22,0.00,0.00,0.00,0.00,0.00,0.00,0.00,0.00,0.00,5470888.10,11276.14,0.00,0.00,0.00,0.00,0.00,0.00,0.00,0.00,0.00,0.00,0.00
1999-04-01,0.00,0.00,0.00,4044.08,4.47,0.00,34.71,0.00,0.00,0.00,0.00,0.00,0.00,0.00,0.00,0.00,5214287.60,3616.42,0.00,0.00,0.00,0.00,0.00,0.00,0.00,0.00,0.00,0.00,0.00
1999-05-01,0.00,0.00,0.00,4136.65,24.82,0.00,19.59,0.00,0.00,0.00,0.00,0.00,0.00,0.00,0.00,0.00,5330129.29,16837.67,0.00,0.00,0.00,0.00,0.00,0.00,0.00,0.00,0.00,0.00,0.00
1999-06-01,0.00,0.00,0.00,4106.11,56.13,0.00,42.02,0.00,0.00,0.00,0.00,0.00,0.00,0.00,0.00,0.00,5278677.04,35819.33,0.00,0.00,0.00,0.00,0.00,0.00,0.00,0.00,0.00,0.00,0.00
1999-07-01,0.00,0.00,0.00,4492.18,107.53,0.00,39.42,0.00,0.00,0.00,0.00,0.00,0.00,0.00,0.00,0.00,5807669.16,64642.71,0.00,0.00,0.00,0.00,0.00,0.00,0.00,0.00,0.00,0.00,0.00
1999-08-01,0.00,0.00,0.00,4301.55,200.87,0.00,49.64,0.00,0.00,0.00,0.00,0.00,0.00,0.00,0.00,0.00,5581827.87,113689.87,0.00,0.00,0.00,0.00,0.00,0.00,0.00,0.00,0.00,0.00,0.00
1999-09-01,0.00,0.00,0.00,4139.72,52.61,0.00,57.10,0.00,0.00,0.00,0.00,0.00,0.00,0.00,0.00,0.00,5360541.51,30304.01,0.00,0.00,0.00,0.00,0.00,0.00,0.00,0.00,0.00,0.00,0.00
1999-10-01,0.00,0.00,0.00,4152.69,78.56,0.00,56.09,0.00,0.00,0.00,0.00,0.00,0.00,0.00,0.00,0.00,5359954.81,44243.35,0.00,0.00,0.00,0.00,0.00,0.00,0.00,0.00,0.00,0.00,0.00
1999-11-01,0.00,0.00,0.00,4030.46,98.17,0.00,46.08,0.00,0.00,0.00,0.00,0.00,0.00,0.00,0.00,0.00,5184446.97,53836.16,0.00,0.00,0.00,0.00,0.00,0.00,0.00,0.00,0.00,0.00,0.00
1999-12-01,0.00,0.00,0.00,4174.49,43.88,0.00,66.51,0.00,0.00,0.00,0.00,0.00,0.00,0.00,0.00,0.00,5378499.85,25091.93,0.00,17.13,0.00,0.00,0.00,70089928.97,952301.44,0.00,1170305.34,0.00,0.00
2000-01-01,0.00,0.00,0.00,3595.87,279.47,0.00,100.37,0.00,0.00,0.00,0.00,0.00,0.00,0.00,0.00,0.00,4615175.51,175916.06,0.00,33.32,0.00,0.00,0.00,114528691.32,8762050.39,0.00,3452789.61,0.00,0.00
2000-02-01,0.00,0.00,0.00,3698.20,345.71,0.00,112.05,0.00,0.00,0.00,0.00,0.00,0.00,0.00,0.00,0.00,4752808.36,216993.17,0.00,55.54,0.00,0.00,0.00,213756133.41,20722196.40,0.00,8238336.93,0.00,0.00
2000-03-01,0.00,0.00,0.00,4234.21,79.74,0.00,76.72,0.00,0.00,0.00,0.00,0.00,0.00,0.00,0.00,0.00,5449808.58,45970.14,0.00,36.47,0.00,0.00,0.00,156185776.37,3906186.91,0.00,2897296.79,0.00,0.00
2000-04-01,0.00,0.00,0.00,4010.63,5.65,0.00,33.31,0.00,0.00,0.00,0.00,0.00,0.00,0.00,0.00,0.00,5159360.78,3083.50,0.00,26.57,0.00,0.00,0.00,99178721.26,140699.39,0.00,894959.27,0.00,0.00
2000-05-01,0.00,0.00,0.00,4071.27,191.03,0.00,34.72,0.00,0.00,0.00,0.00,0.00,0.00,0.00,0.00,0.00,5279754.65,108187.43,0.00,55.91,0.00,0.00,0.00,208992498.55,15920284.04,0.00,3203948.20,0.00,0.00
2000-06-01,0.00,0.00,0.00,3835.42,312.97,0.00,28.41,0.00,0.00,0.00,0.00,0.00,0.00,0.00,0.00,0.00,5012066.77,179416.69,0.00,46.13,0.00,0.00,0.00,165102442.12,16023860.74,0.00,2116898.14,0.00,0.00
2000-07-01,0.00,0.00,0.00,4026.58,18.21,0.00,20.39,0.00,0.00,0.00,0.00,0.00,0.00,0.00,0.00,0.00,5226577.94,13147.23,0.00,49.47,0.00,0.00,0.00,190609524.10,1164586.84,0.00,1230635.79,0.00,0.00
2000-08-01,0.00,0.00,0.00,3751.58,27.16,0.00,35.70,0.00,0.00,0.00,0.00,0.00,0.00,0.00,0.00,0.00,4883873.43,17993.47,0.00,61.59,0.00,0.00,0.00,214739626.49,3237982.46,0.00,5278115.55,0.00,0.00
2000-09-01,0.00,0.00,0.00,3762.60,2.83,0.00,64.51,0.00,0.00,0.00,0.00,0.00,0.00,0.00,0.00,0.00,4862885.92,2293.31,0.00,25.56,0.00,0.00,0.00,92855302.17,116016.82,0.00,1603089.66,0.00,0.00
2000-10-01,0.00,0.00,0.00,3986.18,0.90,0.00,108.75,0.00,0.00,0.00,0.00,0.00,0.00,0.00,0.00,0.00,5137106.74,728.16,0.00,29.54,0.00,0.00,0.00,112546056.80,30998.57,0.00,3315385.19,0.00,0.00
2000-11-01,0.00,0.00,0.00,3899.05,18.29,0.00,76.58,0.00,0.00,0.00,0.00,0.00,0.00,0.00,0.00,0.00,5018994.92,11363.15,0.00,33.75,0.00,0.00,0.00,124854409.80,1151686.83,0.00,2891654.75,0.00,0.00
2000-12-01,0.00,0.00,0.00,4313.29,7.77,0.00,63.01,0.00,0.00,0.00,0.00,0.00,0.00,0.00,0.00,0.00,5551623.99,5011.09,0.00,26.00,0.00,0.00,0.00,104606790.10,431893.75,0.00,1958336.87,0.00,0.00
2001-01-01,0.00,0.00,0.00,4271.23,124.85,0.00,76.18,0.00,0.00,0.00,0.00,0.00,0.00,0.00,0.00,0.00,5521866.62,72764.67,0.00,61.20,0.00,0.00,0.00,219673424.18,20088873.96,0.00,10979639.36,0.00,0.00
2001-02-01,0.00,0.00,0.00,3939.05,143.65,0.00,54.81,0.00,0.00,0.00,0.00,0.00,0.00,0.00,0.00,0.00,5105250.61,81718.10,0.00,49.33,0.00,0.00,0.00,163574728.09,12956440.65,0.00,5994689.57,0.00,0.00
2001-03-01,0.00,0.00,0.00,4126.73,121.15,0.00,50.03,0.00,0.00,0.00,0.00,0.00,0.00,0.00,0.00,0.00,5366301.62,66779.28,0.00,31.35,0.00,0.00,0.00,125872910.06,4548070.07,0.00,1718384.57,0.00,0.00
2001-04-01,0.00,0.00,0.00,4031.84,57.03,0.00,33.24,0.00,0.00,0.00,0.00,0.00,0.00,0.00,0.00,0.00,5201277.25,31396.11,0.00,29.29,0.00,0.00,0.00,112044476.20,2590867.64,0.00,1117219.15,0.00,0.00
2001-05-01,0.00,0.00,0.00,4062.73,218.43,0.00,11.74,0.00,0.00,0.00,0.00,0.00,0.00,0.00,0.00,0.00,5219140.74,119014.07,0.00,35.04,0.00,0.00,0.00,138166149.52,8329901.27,0.00,591717.50,0.00,0.00
2001-06-01,0.00,0.00,0.00,4181.81,145.73,0.00,16.74,0.00,0.00,0.00,0.00,0.00,0.00,0.00,0.00,0.00,5398907.46,79734.17,0.00,30.00,0.00,0.00,0.00,121921877.78,4555954.04,0.00,643102.88,0.00,0.00
2001-07-01,0.00,0.00,0.00,4434.85,85.05,0.00,124.80,0.00,0.00,0.00,0.00,0.00,0.00,0.00,0.00,0.00,5722008.92,46549.14,0.00,43.02,0.00,0.00,0.00,165992305.13,7360328.60,0.00,4372741.16,0.00,0.00
2001-08-01,0.00,0.00,0.00,4496.48,93.79,0.00,160.40,0.00,0.00,0.00,0.00,0.00,0.00,0.00,0.00,0.00,5802821.06,54173.25,0.00,76.80,0.00,0.00,0.00,285335813.43,8930468.04,0.00,14276730.51,0.00,0.00
2001-09-01,0.00,0.00,0.00,4055.00,53.71,0.00,201.85,0.00,0.00,0.00,0.00,0.00,0.00,0.00,0.00,0.00,5222100.04,29266.87,0.00,25.51,0.00,0.00,0.00,101323644.69,1569866.38,0.00,5467718.30,0.00,0.00
2001-10-01,0.00,0.00,0.00,3797.22,71.51,0.00,279.07,0.00,0.00,0.00,0.00,0.00,0.00,0.00,0.00,0.00,4967289.95,39457.27,0.00,28.92,0.00,0.00,0.00,106921723.14,2663882.30,0.00,9705801.60,0.00,0.00
2001-11-01,0.00,0.00,0.00,3747.70,32.14,0.00,229.15,0.00,0.00,0.00,0.00,0.00,0.00,0.00,0.00,0.00,4866911.20,17548.37,0.00,26.76,0.00,0.00,0.00,95161313.09,1480361.80,0.00,7255955.26,0.00,0.00
2001-12-01,0.00,0.00,0.00,3463.61,102.23,0.00,266.36,0.00,0.00,0.00,0.00,0.00,0.00,0.00,0.00,0.00,4507301.12,56155.48,0.00,34.61,0.00,0.00,0.00,109255500.44,6216265.09,0.00,13341717.07,0.00,0.00
2002-01-01,0.00,0.00,0.00,3941.43,36.99,0.00,258.23,0.00,0.00,0.00,0.00,0.00,0.00,0.00,0.00,0.00,5130658.57,20197.52,0.00,36.62,0.00,0.00,0.00,133301937.62,2402200.89,0.00,10354995.36,0.00,0.00
2002-02-01,0.00,0.00,0.00,3796.93,28.05,0.00,258.74,0.00,0.00,0.00,0.00,0.00,0.00,0.00,0.00,0.00,4956371.03,15656.92,0.00,34.81,0.00,0.00,0.00,124866618.70,1217151.67,0.00,11100777.69,0.00,0.00
2002-03-01,0.00,0.00,0.00,3990.59,19.01,0.00,150.37,0.00,0.00,0.00,0.00,0.00,0.00,0.00,0.00,0.00,5215310.10,11272.85,0.00,32.82,0.00,0.00,0.00,120174150.26,1032605.39,0.00,5875208.60,0.00,0.00
2002-04-01,0.00,0.00,0.00,3841.67,10.13,0.00,32.01,0.00,0.00,0.00,0.00,0.00,0.00,0.00,0.00,0.00,4928069.18,6395.97,0.00,28.96,0.00,0.00,0.00,108057821.18,472223.93,0.00,1311201.90,0.00,0.00
2002-05-01,0.00,0.00,0.00,4052.81,92.82,0.00,125.92,0.00,0.00,0.00,0.00,0.00,0.00,0.00,0.00,0.00,5151854.72,56752.56,0.00,61.60,0.00,0.00,0.00,226392617.42,22954418.18,0.00,27646603.76,0.00,0.00
2002-06-01,0.00,0.00,0.00,4257.58,116.36,0.00,184.99,0.00,0.00,0.00,0.00,0.00,0.00,0.00,0.00,0.00,5490501.68,70081.10,0.00,40.09,0.00,0.00,0.00,157399638.20,12199998.02,0.00,15538538.87,0.00,0.00
2002-07-01,0.00,0.00,0.00,4466.23,196.45,0.00,258.08,0.00,0.00,0.00,0.00,0.00,0.00,0.00,0.00,0.00,5798821.81,116922.37,0.00,44.16,0.00,0.00,0.00,179213673.04,14235451.71,0.00,19276236.29,0.00,0.00
2002-08-01,0.00,0.00,0.00,4512.20,101.90,0.00,208.66,0.00,0.00,0.00,0.00,0.00,0.00,0.00,0.00,0.00,5856126.03,57061.99,0.00,27.37,0.00,0.00,0.00,120351865.92,3643454.13,0.00,6483628.74,0.00,0.00
2002-09-01,0.00,0.00,0.00,4153.71,90.87,0.00,306.93,0.00,0.00,0.00,0.00,0.00,0.00,0.00,0.00,0.00,5333032.43,50989.79,0.00,28.39,0.00,0.00,0.00,114962550.69,2937794.82,0.00,9742275.11,0.00,0.00
2002-10-01,0.00,0.00,0.00,4150.68,45.82,0.00,266.20,0.00,0.00,0.00,0.00,0.00,0.00,0.00,0.00,0.00,5351916.29,25619.69,0.00,27.26,0.00,0.00,0.00,109517873.58,1771793.09,0.00,8044457.83,0.00,0.00
2002-11-01,0.00,0.00,0.00,4254.16,23.83,0.00,224.03,0.00,0.00,0.00,0.00,0.00,0.00,0.00,0.00,0.00,5475394.71,14233.20,0.00,28.37,0.00,0.00,0.00,116547639.36,1139829.49,0.00,7087184.85,0.00,0.00
2002-12-01,0.00,0.00,0.00,4266.30,48.79,0.00,206.63,0.00,0.00,0.00,0.00,0.00,0.00,0.00,0.00,0.00,5535622.25,28382.97,0.00,32.94,0.00,0.00,0.00,133149007.15,2960127.75,0.00,8724726.87,0.00,0.00
2003-01-01,0.00,0.00,0.00,4391.17,24.94,0.00,318.06,0.00,0.00,0.00,0.00,0.00,0.00,0.00,0.00,0.00,5667832.55,16228.23,0.00,27.78,0.00,0.00,0.00,113627139.94,2268221.22,0.00,12137749.40,0.00,0.00
2003-02-01,0.00,0.00,0.00,4027.50,4.91,0.00,342.42,0.00,0.00,0.00,0.00,0.00,0.00,0.00,0.00,0.00,5201767.90,3503.11,0.00,19.23,0.00,0.00,0.00,74444579.77,157659.03,0.00,7087289.98,0.00,0.00
2003-03-01,0.00,0.00,0.00,4107.29,7.41,0.00,389.51,0.00,0.00,0.00,0.00,0.00,0.00,0.00,0.00,0.00,5333226.20,4874.85,0.00,25.18,0.00,0.00,0.00,94333008.97,1242439.61,0.00,11306110.43,0.00,0.00
2003-04-01,0.00,0.00,0.00,4287.73,0.74,0.00,330.07,0.00,0.00,0.00,0.00,0.00,0.00,0.00,0.00,0.00,5527413.39,412.18,0.00,16.95,0.00,0.00,0.00,70237328.15,10560.69,0.00,5982294.38,0.00,0.00
2003-05-01,0.00,0.00,0.00,4335.49,17.81,0.00,272.93,0.00,0.00,0.00,0.00,0.00,0.00,0.00,0.00,0.00,5579380.36,10913.99,0.00,22.45,0.00,0.00,0.00,93641431.77,966648.70,0.00,7908930.42,0.00,0.00
2003-06-01,0.00,0.00,0.00,4208.56,81.94,0.00,243.93,0.00,0.00,0.00,0.00,0.00,0.00,0.00,0.00,0.00,5444201.09,49357.38,0.00,46.72,0.00,0.00,0.00,169896426.48,21997330.57,0.00,26359631.70,0.00,0.00
2003-07-01,0.00,0.00,0.00,4379.11,57.22,0.00,288.47,0.00,0.00,0.00,0.00,0.00,0.00,0.00,0.00,0.00,5649110.59,34483.97,0.00,26.89,0.00,0.00,0.00,112501314.96,5888996.86,0.00,11682788.22,0.00,0.00
2003-08-01,0.00,0.00,0.00,4312.12,35.65,0.00,329.12,0.00,0.00,0.00,0.00,0.00,0.00,0.00,0.00,0.00,5582469.59,20296.06,0.00,20.75,0.00,0.00,0.00,86978156.41,1008297.44,0.00,7787057.30,0.00,0.00
2003-09-01,0.00,0.00,0.00,3922.99,17.65,0.00,297.32,0.00,0.00,0.00,0.00,0.00,0.00,0.00,0.00,0.00,5068123.19,10258.29,0.00,21.83,0.00,0.00,0.00,81642592.23,403985.75,0.00,7069512.25,0.00,0.00
2003-10-01,0.00,0.00,0.00,3993.79,20.19,0.00,194.21,0.00,0.00,0.00,0.00,0.00,0.00,0.00,0.00,0.00,5184533.02,15500.54,0.00,21.00,0.00,0.00,0.00,80870713.29,654457.40,0.00,4507652.09,0.00,0.00
2003-11-01,0.00,0.00,0.00,3666.11,49.96,0.00,128.22,0.00,0.00,0.00,0.00,0.00,0.00,0.00,0.00,0.00,4759992.44,29927.49,0.00,22.61,0.00,0.00,0.00,79809689.10,1615358.83,0.00,3671794.02,0.00,0.00
2003-12-01,0.00,0.00,0.00,4054.45,120.67,0.00,153.92,0.00,0.00,0.00,0.00,0.00,0.00,0.00,0.00,0.00,5229009.24,72187.49,0.00,23.89,0.00,0.00,0.00,90632518.44,4676584.62,0.00,4893246.43,0.00,0.00
2004-01-01,0.00,0.00,0.00,4381.32,74.66,0.00,133.63,0.00,0.00,0.00,0.00,0.00,0.00,0.00,0.00,0.00,5626120.89,42193.84,0.00,23.06,0.00,0.00,0.00,96510509.11,2566649.91,0.00,4076482.45,0.00,0.00
2004-02-01,0.00,0.00,0.00,4277.43,113.08,0.00,169.85,0.00,0.00,0.00,0.00,0.00,0.00,0.00,0.00,0.00,5527569.30,69736.05,0.00,43.80,0.00,0.00,0.00,167263426.82,15013399.40,0.00,14522855.47,0.00,0.00
2004-03-01,0.00,0.00,0.00,4597.51,43.50,0.00,140.85,0.00,0.00,0.00,0.00,0.00,0.00,0.00,0.00,0.00,5917758.56,24258.78,0.00,23.90,0.00,0.00,0.00,106567754.33,1433045.23,0.00,4180773.34,0.00,0.00
2004-04-01,0.00,0.00,0.00,4011.50,145.80,0.00,137.67,0.00,0.00,0.00,0.00,0.00,0.00,0.00,0.00,0.00,5157942.40,84614.71,0.00,28.77,0.00,0.00,0.00,111191256.87,4915766.58,0.00,4892986.52,0.00,0.00
2004-05-01,0.00,0.00,0.00,4404.88,206.51,0.00,161.40,0.00,0.00,0.00,0.00,0.00,0.00,0.00,0.00,0.00,5656108.92,119519.84,0.00,31.82,0.00,0.00,0.00,136075968.97,8121141.92,0.00,6645590.25,0.00,0.00
2004-06-01,0.00,0.00,0.00,4455.24,142.02,0.00,190.85,0.00,0.00,0.00,0.00,0.00,0.00,0.00,0.00,0.00,5747284.39,82926.57,0.00,31.18,0.00,0.00,0.00,132970151.83,5788323.43,0.00,8353428.99,0.00,0.00
2004-07-01,0.00,0.00,0.00,4569.05,103.59,0.00,171.79,0.00,0.00,0.00,0.00,0.00,0.00,0.00,0.00,0.00,5883411.19,57993.28,0.00,34.80,0.00,0.00,0.00,149189497.42,7481690.91,0.00,11227586.89,0.00,0.00
2004-08-01,0.00,0.00,0.00,4657.49,54.03,0.00,169.56,0.00,0.00,0.00,0.00,0.00,0.00,0.00,0.00,0.00,6010481.23,29495.41,0.00,24.28,0.00,0.00,0.00,110517922.98,1798644.92,0.00,4791294.09,0.00,0.00
2004-09-01,0.00,0.00,0.00,4154.69,123.34,0.00,292.39,0.00,0.00,0.00,0.00,0.00,0.00,0.00,0.00,0.00,5340865.87,68738.58,0.00,27.29,0.00,0.00,0.00,109779265.62,4018811.44,0.00,8477740.22,0.00,0.00
2004-10-01,0.00,0.00,0.00,3979.88,189.35,0.00,323.38,0.00,0.00,0.00,0.00,0.00,0.00,0.00,0.00,0.00,5145422.07,119735.67,0.00,45.63,0.00,0.00,0.00,169675240.16,17593957.61,0.00,18815222.55,0.00,0.00
2004-11-01,0.00,0.00,0.00,3983.72,232.32,0.00,255.50,0.00,0.00,0.00,0.00,0.00,0.00,0.00,0.00,0.00,5150196.60,138738.29,0.00,36.67,0.00,0.00,0.00,138044599.87,12189877.23,0.00,13317144.32,0.00,0.00
2004-12-01,0.00,0.00,0.00,4211.86,173.06,0.00,131.32,0.00,0.00,0.00,0.00,0.00,0.00,0.00,0.00,0.00,5417147.98,97611.86,0.00,29.55,0.00,0.00,0.00,115555115.55,6553312.16,0.00,4807575.34,0.00,0.00
2005-01-01,0.00,0.00,0.00,4382.71,49.97,0.00,185.67,0.00,0.00,0.00,0.00,0.00,0.00,0.00,0.00,0.00,5646779.98,27972.94,0.00,25.76,0.00,0.00,0.00,106387762.62,1977213.33,0.00,6350065.08,0.00,0.00
2005-02-01,0.00,0.00,0.00,3922.62,39.45,0.00,172.08,0.00,0.00,0.00,0.00,0.00,0.00,0.00,0.00,0.00,5081097.65,22158.07,0.00,25.80,0.00,0.00,0.00,95504601.74,1274674.83,0.00,5374893.95,0.00,0.00
2005-03-01,0.00,0.00,0.00,4277.60,4.39,0.00,327.26,0.00,0.00,0.00,0.00,0.00,0.00,0.00,0.00,0.00,5524871.25,2484.28,0.00,21.05,0.00,0.00,0.00,88400285.66,77998.05,0.00,7572179.84,0.00,0.00
2005-04-01,0.00,0.00,0.00,3677.70,154.21,0.00,311.51,0.00,0.00,0.00,0.00,0.00,0.00,0.00,0.00,0.00,4753953.13,85092.77,0.00,28.04,0.00,0.00,0.00,104031652.43,5707474.28,0.00,10803226.84,0.00,0.00
2005-05-01,0.00,0.00,0.00,4318.29,48.15,0.00,260.62,0.00,0.00,0.00,0.00,0.00,0.00,0.00,0.00,0.00,5530676.09,26725.31,0.00,25.73,0.00,0.00,0.00,112144121.87,1691056.36,0.00,8913152.27,0.00,0.00
2005-06-01,0.00,0.00,0.00,4400.14,32.52,0.00,202.89,0.00,0.00,0.00,0.00,0.00,0.00,0.00,0.00,0.00,5654294.59,18407.43,0.00,24.21,0.00,0.00,0.00,107548272.05,1206996.42,0.00,6443977.90,0.00,0.00
2005-07-01,0.00,0.00,0.00,4306.74,49.29,0.00,183.86,0.00,0.00,0.00,0.00,0.00,0.00,0.00,0.00,0.00,5564121.22,27694.79,0.00,26.21,0.00,0.00,0.00,113712324.76,2014992.49,0.00,6990108.48,0.00,0.00
2005-08-01,0.00,0.00,0.00,4283.98,45.45,0.00,209.78,0.00,0.00,0.00,0.00,0.00,0.00,0.00,0.00,0.00,5558579.22,27284.94,0.00,25.37,0.00,0.00,0.00,108373301.41,1783246.76,0.00,7169139.99,0.00,0.00
2005-09-01,0.00,0.00,0.00,4018.50,55.65,0.00,283.03,0.00,0.00,0.00,0.00,0.00,0.00,0.00,0.00,0.00,5179653.82,32647.93,0.00,32.36,0.00,0.00,0.00,133954947.58,2624347.98,0.00,11395939.52,0.00,0.00
2005-10-01,0.00,0.00,0.00,4104.26,23.36,0.00,228.66,0.00,0.00,0.00,0.00,0.00,0.00,0.00,0.00,0.00,5238999.60,13053.60,0.00,22.41,0.00,0.00,0.00,92862287.01,772293.67,0.00,6323938.11,0.00,0.00
2005-11-01,0.00,0.00,0.00,4013.64,14.93,0.00,206.57,0.00,0.00,0.00,0.00,0.00,0.00,0.00,0.00,0.00,5172146.97,9984.00,0.00,22.57,0.00,0.00,0.00,91694399.92,385888.73,0.00,6109924.40,0.00,0.00
2005-12-01,0.00,0.00,0.00,4484.13,41.10,0.00,284.56,0.00,0.00,0.00,0.00,0.00,0.00,0.00,0.00,0.00,5756443.32,23189.35,0.00,34.94,0.00,0.00,0.00,166207578.47,8654049.47,0.00,24481496.97,0.00,0.00
2006-01-01,0.00,0.00,0.00,4367.57,78.11,0.00,258.26,0.00,0.00,0.00,0.00,0.00,0.00,0.00,0.00,0.00,5609637.34,47732.62,0.00,53.74,0.00,0.00,0.00,242612782.00,21995141.24,0.00,23122337.35,0.00,0.00
2006-02-01,0.00,0.00,0.00,4025.26,28.80,0.00,272.23,0.00,0.00,0.00,0.00,0.00,0.00,0.00,0.00,0.00,5183137.90,17246.90,0.00,55.43,0.00,0.00,0.00,237746614.13,13840968.16,0.00,25386296.50,0.00,0.00
2006-03-01,0.00,0.00,0.00,4496.08,36.79,0.00,168.73,0.00,0.00,0.00,0.00,0.00,0.00,0.00,0.00,0.00,5765922.19,20268.65,0.00,23.99,0.00,0.00,0.00,109495545.60,1220082.71,0.00,5028895.21,0.00,0.00
2006-04-01,0.00,0.00,0.00,4113.73,31.77,0.00,106.21,0.00,0.00,0.00,0.00,0.00,0.00,0.00,0.00,0.00,5267877.21,18194.78,0.00,22.81,0.00,0.00,0.00,94105922.75,1032165.53,0.00,3282533.63,0.00,0.00
2006-05-01,0.00,0.00,0.00,4453.07,68.07,0.00,185.64,0.00,0.00,0.00,0.00,0.00,0.00,0.00,0.00,0.00,5713543.44,39077.88,0.00,29.37,0.00,0.00,0.00,129728678.70,4856048.56,0.00,10422779.78,0.00,0.00
2006-06-01,0.00,0.00,0.00,4296.83,108.99,0.00,323.39,0.00,0.00,0.00,0.00,0.00,0.00,0.00,0.00,0.00,5498564.56,61380.72,0.00,32.99,0.00,0.00,0.00,141993755.20,4713447.73,0.00,13584867.24,0.00,0.00
2006-07-01,0.00,0.00,0.00,4460.87,56.01,0.00,313.99,0.00,0.00,0.00,0.00,0.00,0.00,0.00,0.00,0.00,5730520.14,32151.62,0.00,44.69,0.00,0.00,0.00,188522531.01,9279810.70,0.00,26396093.62,0.00,0.00
2006-08-01,0.00,0.00,0.00,4327.11,108.31,0.00,313.89,0.00,0.00,0.00,0.00,0.00,0.00,0.00,0.00,0.00,5593205.09,59157.08,0.00,29.35,0.00,0.00,0.00,127039880.20,3822962.84,0.00,10740282.97,0.00,0.00
2006-09-01,0.00,0.00,0.00,3997.42,54.03,0.00,310.34,0.00,0.00,0.00,0.00,0.00,0.00,0.00,0.00,0.00,5149930.43,31678.76,0.00,28.69,0.00,0.00,0.00,114956588.40,2097719.19,0.00,10902757.37,0.00,0.00
2006-10-01,0.00,0.00,0.00,4121.89,74.14,0.00,255.03,0.00,0.00,0.00,0.00,0.00,0.00,0.00,0.00,0.00,5344014.33,41061.05,0.00,29.89,0.00,0.00,0.00,125220611.52,2782993.13,0.00,9190391.99,0.00,0.00
2006-11-01,0.00,0.00,0.00,4126.40,118.83,0.00,193.59,0.00,0.00,0.00,0.00,0.00,0.00,0.00,0.00,0.00,5328226.41,72664.27,0.00,32.62,0.00,0.00,0.00,135737870.25,6662600.96,0.00,8020205.52,0.00,0.00
2006-12-01,0.00,0.00,0.00,4588.30,62.90,0.00,76.33,0.00,0.00,0.00,0.00,0.00,0.00,0.00,0.00,0.00,5913667.22,37836.18,0.00,22.70,0.00,0.00,0.00,103936563.11,2313377.67,0.00,2225679.65,0.00,0.00
2007-01-01,0.00,0.00,0.00,4330.46,192.95,0.00,112.26,0.00,0.00,0.00,0.00,0.00,0.00,0.00,0.00,0.00,5575907.97,149801.45,0.00,91.58,0.00,0.00,0.00,383846056.00,48599325.66,0.00,39944072.85,0.00,0.00
2007-02-01,0.00,0.00,0.00,4097.46,255.64,0.00,96.61,0.00,0.00,0.00,0.00,0.00,0.00,0.00,0.00,0.00,5282315.95,203900.29,0.00,51.47,0.00,0.00,0.00,219413528.80,20061982.45,0.00,11770580.99,0.00,0.00
2007-03-01,0.00,0.00,0.00,4341.54,240.22,0.00,162.16,0.00,0.00,0.00,0.00,0.00,0.00,0.00,0.00,0.00,5580895.37,176243.56,0.00,55.72,0.00,0.00,0.00,248388485.95,18928176.08,0.00,17916946.27,0.00,0.00
2007-04-01,0.00,0.00,0.00,3871.11,502.47,0.00,206.08,0.00,0.00,0.00,0.00,0.00,0.00,0.00,0.00,0.00,5034218.70,316389.09,0.00,64.10,0.00,0.00,0.00,247289389.60,35136249.01,0.00,16945518.42,0.00,0.00
2007-05-01,0.00,0.00,0.00,3906.94,469.79,0.00,144.68,0.00,0.00,0.00,0.00,0.00,0.00,0.00,0.00,0.00,5041355.69,299009.94,0.00,57.55,0.00,0.00,0.00,228467626.25,29853629.74,0.00,10711589.87,0.00,0.00
2007-06-01,0.00,0.00,0.00,4127.22,459.96,0.00,284.14,0.00,0.00,0.00,0.00,0.00,0.00,0.00,0.00,0.00,5314186.12,301313.53,0.00,145.85,0.00,0.00,0.00,591852586.45,94056990.48,0.00,75249122.49,0.00,0.00
2007-07-01,0.00,0.00,0.00,4431.98,280.99,0.00,174.03,0.00,0.00,0.00,0.00,0.00,0.00,0.00,0.00,0.00,5727062.70,185601.11,0.00,69.17,0.00,0.00,0.00,306572254.71,21636382.88,0.00,20092475.51,0.00,0.00
2007-08-01,0.00,0.00,0.00,4506.55,182.79,0.00,95.16,0.00,0.00,0.00,0.00,0.00,0.00,0.00,0.00,0.00,5812524.00,108911.00,0.00,42.68,0.00,0.00,0.00,193244090.09,9650685.59,0.00,5146147.96,0.00,0.00
2007-09-01,0.00,0.00,0.00,4245.43,200.59,0.00,143.77,0.00,0.00,0.00,0.00,0.00,0.00,0.00,0.00,0.00,5475301.30,115594.12,0.00,47.29,0.00,0.00,0.00,199532974.06,11341863.13,0.00,8787734.77,0.00,0.00
2007-10-01,0.00,0.00,0.00,4334.79,113.19,0.00,51.20,0.00,0.00,0.00,0.00,0.00,0.00,0.00,0.00,0.00,5579574.18,76881.05,0.00,40.22,0.00,0.00,0.00,177287392.51,6020423.66,0.00,3403940.18,0.00,0.00
2007-11-01,0.00,0.00,0.00,3944.05,328.55,0.00,78.09,0.00,0.00,0.00,0.00,0.00,0.00,0.00,0.00,0.00,5079750.30,208022.45,0.00,50.39,0.00,0.00,0.00,206209481.30,22608803.21,0.00,6392061.52,0.00,0.00
2007-12-01,0.00,0.00,0.00,3938.39,334.69,0.00,91.05,0.00,0.00,0.00,0.00,0.00,0.00,0.00,0.00,0.00,5039757.98,213450.61,0.00,45.12,0.00,0.00,0.00,173318511.44,22238556.16,0.00,8033215.99,0.00,0.00
2008-01-01,0.00,0.00,0.00,4259.83,243.17,0.00,97.23,0.00,0.00,0.00,0.00,0.00,0.00,0.00,0.00,0.00,5457996.54,153197.45,0.00,34.56,0.00,0.00,0.00,150512462.82,11393381.29,0.00,4794032.67,0.00,0.00
2008-02-01,0.00,0.00,0.00,4238.51,59.44,0.00,101.57,0.00,0.00,0.00,0.00,0.00,0.00,0.00,0.00,0.00,5431751.67,36224.47,0.00,38.05,0.00,0.00,0.00,162927048.45,6134892.65,0.00,5285772.34,0.00,0.00
2008-03-01,0.00,0.00,0.00,4349.66,156.98,0.00,183.19,0.00,0.00,0.00,0.00,0.00,0.00,0.00,0.00,0.00,5579107.55,98405.10,0.00,54.36,0.00,0.00,0.00,233564566.08,28104509.49,0.00,19646693.04,0.00,0.00
2008-04-01,0.00,0.00,0.00,3862.41,212.10,0.00,191.98,0.00,0.00,0.00,0.00,0.00,0.00,0.00,0.00,0.00,4936410.70,124172.92,0.00,43.64,0.00,0.00,0.00,168998599.17,11767344.63,0.00,11334397.80,0.00,0.00
2008-05-01,0.00,0.00,0.00,3972.11,341.27,0.00,210.05,0.00,0.00,0.00,0.00,0.00,0.00,0.00,0.00,0.00,5110383.07,201256.44,0.00,48.43,0.00,0.00,0.00,193771385.82,19984559.27,0.00,13336052.60,0.00,0.00
2008-06-01,0.00,0.00,0.00,4295.86,227.16,0.00,171.97,0.00,0.00,0.00,0.00,0.00,0.00,0.00,0.00,0.00,5521007.05,134104.03,0.00,38.96,0.00,0.00,0.00,169123659.10,11271747.85,0.00,9544691.86,0.00,0.00
2008-07-01,0.00,0.00,0.00,4535.18,196.19,0.00,170.90,0.00,0.00,0.00,0.00,0.00,0.00,0.00,0.00,0.00,5806529.18,112192.62,0.00,46.75,0.00,0.00,0.00,199952007.07,17341423.92,0.00,15676738.45,0.00,0.00
2008-08-01,0.00,0.00,0.00,4585.83,306.22,0.00,169.81,0.00,0.00,0.00,0.00,0.00,0.00,0.00,0.00,0.00,5937224.51,186703.10,0.00,37.85,0.00,0.00,0.00,173529856.48,14542909.02,0.00,8089885.03,0.00,0.00
2008-09-01,0.00,0.00,0.00,4151.66,180.10,0.00,204.46,0.00,0.00,0.00,0.00,0.00,0.00,0.00,0.00,0.00,5366857.89,115764.65,0.00,35.07,0.00,0.00,0.00,144634159.17,8465167.35,0.00,9743025.98,0.00,0.00
2008-10-01,0.00,0.00,0.00,4261.30,169.26,0.00,134.96,0.00,0.00,0.00,0.00,0.00,0.00,0.00,0.00,0.00,5531689.17,129531.19,0.00,43.29,0.00,0.00,0.00,187510115.16,9594892.09,0.00,7709208.90,0.00,0.00
2008-11-01,0.00,0.00,0.00,4165.82,102.45,0.00,67.49,0.00,0.00,0.00,0.00,0.00,0.00,0.00,0.00,0.00,5396295.55,80398.75,0.00,33.35,0.00,0.00,0.00,139610399.82,4743333.85,0.00,3069634.51,0.00,0.00
2008-12-01,0.00,0.00,0.00,4639.38,60.77,0.00,36.55,0.00,0.00,0.00,0.00,0.00,0.00,0.00,0.00,0.00,5996030.33,43705.31,0.00,26.56,0.00,0.00,0.00,123156773.48,2490664.85,0.00,1170675.36,0.00,0.00
2009-01-01,0.00,0.00,0.00,4231.77,263.13,0.00,248.01,0.00,0.00,0.00,0.00,0.00,0.00,0.00,0.00,0.00,5498234.11,177477.15,1196.67,131.18,0.00,0.00,0.00,554430017.31,121068401.69,0.00,125267890.69,0.00,0.00
2009-02-01,0.00,0.00,0.00,3992.10,182.40,0.00,205.41,0.00,0.00,0.00,0.00,0.00,0.00,0.00,0.00,0.00,5166629.76,114681.81,1205.80,31.79,0.00,0.00,0.00,136763460.44,13010916.52,0.00,14604354.81,0.00,0.00
2009-03-01,0.00,0.00,0.00,4513.64,81.27,0.00,125.52,0.00,0.00,0.00,0.00,0.00,0.00,0.00,0.00,0.00,5845236.37,45456.10,1247.91,24.89,0.00,0.00,0.00,114314836.86,3010164.37,0.00,4564647.46,0.00,0.00
2009-04-01,0.00,0.00,0.00,4053.57,157.74,0.00,144.87,0.00,0.00,0.00,0.00,0.00,0.00,0.00,0.00,0.00,5251619.38,95490.65,1227.48,37.13,0.00,0.00,0.00,151811637.92,8924495.12,0.00,7957750.35,0.00,0.00
2009-05-01,0.00,0.00,0.00,4367.73,132.78,0.00,182.45,0.00,0.00,0.00,0.00,0.00,0.00,0.00,0.00,0.00,5615460.43,74468.87,1215.03,31.37,0.00,0.00,0.00,136685835.10,5429758.30,0.00,7355447.19,0.00,0.00
2009-06-01,0.00,-8.97,2.28,4435.92,131.57,0.00,214.08,0.00,0.00,0.00,0.00,0.00,0.00,0.00,11133.84,1117.17,5736612.76,77989.84,1215.65,30.24,0.00,0.00,0.00,132882684.24,5955397.91,0.00,8898758.54,0.00,0.00
2009-07-01,0.00,-354.58,178.38,4382.51,189.07,0.00,195.77,91.44,0.00,0.00,0.00,0.00,0.00,0.00,429711.04,93973.46,5671284.86,111689.41,1163.29,26.98,0.00,0.00,0.00,117947029.03,6737112.11,0.00,7007310.28,2276486.94,0.00
2009-08-01,0.00,-455.18,272.37,4361.10,71.32,0.00,143.98,135.18,0.00,0.00,0.00,0.00,0.00,0.00,555756.43,79984.58,5629636.16,40542.63,1146.98,22.53,0.00,0.00,0.00,98832980.48,2069241.29,0.00,4300192.84,2871621.81,0.00
2009-09-01,0.00,-462.00,249.07,4094.65,76.66,0.00,166.67,121.01,0.00,0.00,0.00,0.00,0.00,0.00,563575.27,43372.43,5296123.90,45509.94,1135.50,22.83,0.00,0.00,0.00,94176893.90,2200644.97,0.00,4975664.78,2707364.06,0.00
2009-10-01,0.00,-579.57,73.09,4482.86,46.49,0.00,208.59,101.64,0.00,0.00,0.00,0.00,0.00,0.00,702922.29,35183.99,5743856.72,29200.00,1178.22,25.41,0.00,0.00,0.00,115010759.82,1665746.29,0.00,6591476.89,2608092.81,0.00
2009-11-01,0.00,-483.72,147.77,4255.91,232.73,0.00,215.56,71.79,0.00,0.00,0.00,0.00,0.00,0.00,574602.88,102553.41,5447066.21,154800.49,1155.35,32.41,0.00,0.00,0.00,141606571.04,13521524.66,0.00,12990987.64,1965521.61,0.00
2009-12-01,0.00,-667.40,138.73,4480.66,123.54,0.00,112.32,91.87,0.00,0.00,0.00,0.00,0.00,0.00,825283.37,92922.19,5741444.86,80606.11,1189.26,23.34,0.00,0.00,0.00,105340166.72,4705330.03,0.00,4539753.70,2178754.51,0.00
2010-01-01,0.00,-717.02,115.87,4573.04,118.35,0.00,191.95,90.83,0.00,0.00,0.00,0.00,0.00,0.00,875884.83,69839.79,5870118.10,90185.51,1178.65,87.60,0.00,0.00,0.00,269630722.11,40199473.65,0.00,58238563.93,6830785.83,0.00
2010-02-01,0.00,-484.56,180.71,4042.37,109.64,0.00,247.59,94.39,0.00,0.00,0.00,0.00,0.00,0.00,587373.53,124435.82,5211446.27,81082.55,1152.61,91.25,0.00,0.00,0.00,272693300.72,38198309.00,0.00,56965325.97,4489318.84,0.00
2010-03-01,0.00,-651.19,87.62,4579.70,31.00,0.00,256.50,73.79,0.00,0.00,0.00,0.00,0.00,0.00,802140.16,65751.65,5944149.37,17737.96,1193.74,23.76,0.00,0.00,0.00,105091112.93,1051422.37,0.00,7545488.21,1593160.36,0.00
2010-04-01,0.00,-400.41,136.27,3922.22,55.34,0.00,251.48,83.45,0.00,0.00,0.00,0.00,0.00,0.00,489283.26,105152.93,5048057.20,38805.34,1161.64,80.08,0.00,0.00,0.00,246722194.42,30197903.20,0.00,65037509.26,3929430.09,0.00
2010-05-01,0.00,-280.66,345.65,3949.24,61.99,0.00,265.10,72.24,0.00,0.00,0.00,0.00,0.00,0.00,341071.98,259626.45,5084062.84,41003.98,1142.76,31.61,0.00,0.00,0.00,119110974.97,2776148.94,0.00,10367711.96,1927752.95,0.00
2010-06-01,0.00,-330.04,231.70,4278.53,42.95,0.00,294.21,86.73,0.00,0.00,0.00,0.00,0.00,0.00,397571.58,144553.36,5502927.11,29307.11,1146.64,31.60,0.00,0.00,0.00,129405039.24,2281856.93,0.00,11444505.49,2550966.73,0.00
2010-07-01,0.00,-384.95,212.17,4589.52,59.24,0.00,245.32,67.39,0.00,0.00,0.00,0.00,0.00,0.00,469681.17,84629.66,5907065.60,35314.21,1160.51,27.51,0.00,0.00,0.00,122866967.85,2006715.74,0.00,7513272.60,1576101.45,0.00
2010-08-01,0.00,-342.95,287.44,4436.67,54.76,0.00,200.23,134.82,0.00,0.00,0.00,0.00,0.00,0.00,420468.50,98784.56,5742504.73,32718.67,1143.07,27.82,0.00,0.00,0.00,120433140.16,2199863.44,0.00,6061005.89,3533314.03,0.00
2010-09-01,0.00,-495.13,272.73,4215.14,16.92,0.00,270.01,104.87,0.00,0.00,0.00,0.00,0.00,0.00,595268.55,43833.03,5461081.26,10416.46,1122.14,22.62,0.00,0.00,0.00,93824688.73,415789.84,0.00,6686448.63,2243537.33,0.00
2010-10-01,0.00,-739.80,187.77,4314.85,47.52,0.00,333.85,98.94,0.00,0.00,0.00,0.00,0.00,0.00,869719.55,32384.25,5556203.59,40364.17,1121.63,19.99,0.00,0.00,0.00,85124860.02,713824.65,0.00,7292908.50,1868817.32,0.00
2010-11-01,0.00,-813.27,144.80,4208.60,50.74,0.00,475.31,91.84,0.00,0.00,0.00,0.00,0.00,0.00,922143.74,22099.45,5399402.00,36546.35,1090.88,18.89,0.00,0.00,0.00,77625382.36,1168732.89,0.00,9631460.29,1622315.56,0.00
2010-12-01,0.00,-939.30,147.50,4277.39,29.52,0.00,533.05,97.93,0.00,0.00,0.00,0.00,0.00,0.00,1058342.28,37739.90,5472538.44,21944.44,1079.06,17.22,0.00,0.00,0.00,71761218.18,636995.43,0.00,9919191.15,1539751.72,0.00
2011-01-01,0.00,-624.78,197.24,4349.92,160.78,0.00,169.34,81.87,0.00,0.00,0.00,0.00,0.00,0.00,751953.12,54056.82,5551451.77,114973.69,1146.31,50.69,0.00,0.00,0.00,172624123.23,21097378.40,0.00,30119552.16,2571436.92,0.00
2011-02-01,0.00,-580.40,194.00,3877.44,145.58,0.00,285.53,72.16,0.00,0.00,0.00,0.00,0.00,0.00,682541.52,70983.87,4961636.73,103651.17,1115.02,49.14,0.00,0.00,0.00,155290307.20,19054075.33,0.00,25074153.45,3923674.26,0.00
2011-03-01,0.00,-539.43,146.48,4307.05,72.52,0.00,172.49,94.57,0.00,0.00,0.00,0.00,0.00,0.00,661394.56,63093.86,5543124.27,61610.08,1176.97,25.61,0.00,0.00,0.00,107795201.27,2078126.00,0.00,5119696.08,2292321.50,0.00
2011-04-01,0.00,-465.61,111.09,4109.48,19.22,0.00,133.77,72.44,0.00,0.00,0.00,0.00,0.00,0.00,580132.30,49840.51,5293072.47,16337.91,1200.67,26.11,0.00,0.00,0.00,105297127.13,560664.66,0.00,3968485.97,1811998.38,0.00
2011-05-01,0.00,-296.82,295.39,4042.58,54.17,0.00,337.54,83.42,0.00,0.00,0.00,0.00,0.00,0.00,359873.87,207530.06,5247170.95,39794.00,1136.92,35.77,0.00,0.00,0.00,139838252.86,2623768.55,0.00,14544854.14,2674922.43,0.00
2011-06-01,0.00,-349.78,266.26,4192.85,7.11,0.00,281.06,127.55,0.00,0.00,0.00,0.00,0.00,0.00,426407.45,146852.07,5450278.75,4295.92,1143.64,29.00,0.00,0.00,0.00,117548012.51,276645.21,0.00,9970763.49,3511724.62,0.00
2011-07-01,0.00,-388.52,286.36,4357.70,76.59,0.00,216.79,137.37,0.00,0.00,0.00,0.00,0.00,0.00,472585.64,127034.93,5650888.92,45442.54,1141.80,30.93,0.00,0.00,0.00,128378929.63,3535210.84,0.00,8496396.36,3887153.91,0.00
2011-08-01,0.00,-389.82,221.03,4361.43,39.31,0.00,182.67,87.54,0.00,0.00,0.00,0.00,0.00,0.00,483491.57,118059.04,5641239.78,22720.58,1176.89,30.93,0.00,0.00,0.00,130254255.41,1617280.33,0.00,6717404.12,2556684.11,0.00
2011-09-01,0.00,-501.17,176.93,4228.53,19.85,0.00,157.14,131.78,0.00,0.00,0.00,0.00,0.00,0.00,615281.56,51675.66,5481944.82,11239.15,1170.07,27.75,0.00,0.00,0.00,114141493.27,651103.42,0.00,5052089.18,3424973.79,0.00
2011-10-01,0.00,-688.31,47.37,4567.40,55.92,0.00,132.34,113.78,0.00,0.00,0.00,0.00,0.00,0.00,853639.91,17873.33,5941469.06,33266.00,1215.32,24.36,0.00,0.00,0.00,108093975.24,1565896.52,0.00,3923341.14,2550363.90,0.00
2011-11-01,0.00,-726.95,74.12,4338.61,165.48,0.00,164.02,98.71,0.00,0.00,0.00,0.00,0.00,0.00,881878.07,19566.37,5611301.85,95411.40,1177.54,27.32,0.00,0.00,0.00,115180003.29,5307909.92,0.00,5136007.39,2496186.38,0.00
2011-12-01,0.00,-649.14,53.85,4611.97,48.73,0.00,123.75,113.19,0.00,0.00,0.00,0.00,0.00,0.00,790528.92,21280.33,5977882.06,27403.86,1217.02,22.97,0.00,43844.27,-344.47,102718540.30,1221913.82,0.00,3399808.85,2391383.97,0.00
2012-01-01,0.00,-693.17,78.35,4642.19,56.44,0.00,114.49,144.68,0.00,0.00,0.00,0.00,0.00,0.00,662800.82,21604.72,5991562.01,32530.76,1239.45,25.52,0.00,578929.71,-162176.29,112365259.28,2040899.60,0.00,3921196.27,3346396.79,0.00
2012-02-01,0.00,-544.11,66.68,4401.36,33.16,0.00,76.45,97.29,0.00,0.00,0.00,0.00,0.00,0.00,507167.83,8642.91,5690486.77,18628.84,1261.39,26.91,0.00,448921.47,-154936.13,114221840.61,1327539.31,0.00,2564963.80,2382943.48,0.00
2012-03-01,0.00,-638.98,117.28,4344.28,32.76,0.00,204.57,117.65,0.00,0.00,0.00,0.00,0.00,0.00,776083.03,32236.44,5617236.46,18412.50,1170.97,24.37,0.00,0.00,0.00,102628003.18,979174.60,0.00,5300255.03,2674310.64,0.00
2012-04-01,0.00,-426.30,216.82,3897.03,63.39,0.00,133.89,81.39,0.00,0.00,0.00,0.00,0.00,0.00,526973.60,51108.89,5051614.81,35293.38,1162.58,32.91,0.00,0.00,0.00,124911931.66,2517612.77,0.00,5055206.86,2457206.06,0.00
2012-05-01,0.00,-422.14,116.02,4481.29,22.51,0.00,176.78,115.35,0.00,0.00,0.00,0.00,0.00,0.00,525088.75,40281.24,5818796.43,12665.14,1190.84,27.17,0.00,0.00,0.00,118797131.18,607121.46,0.00,5828698.76,3029877.71,0.00
2012-06-01,0.00,-222.16,321.58,3757.40,169.61,0.00,333.72,124.57,0.00,0.00,0.00,0.00,0.00,0.00,262878.40,104510.90,4857643.45,94237.54,1068.86,37.84,0.00,0.00,0.00,136189412.69,7434940.70,0.00,14659221.94,4416285.61,0.00
2012-07-01,0.00,-299.49,366.49,3787.50,190.97,0.00,421.08,108.74,0.00,0.00,0.00,0.00,0.00,0.00,334012.02,99674.58,4837850.29,105958.49,1029.33,77.03,0.00,0.00,0.00,274283428.57,18179196.49,0.00,42593606.54,7940468.95,0.00
2012-08-01,0.00,-402.18,313.83,3917.07,190.85,0.00,365.75,167.11,0.00,0.00,0.00,0.00,0.00,0.00,454387.11,45194.24,5010381.34,105653.23,1033.92,56.64,0.00,0.00,0.00,218965142.27,10685752.09,0.00,22505597.35,9005410.68,0.00
2012-09-01,0.00,-395.76,362.66,3516.65,214.24,0.00,245.44,125.02,0.00,0.00,0.00,0.00,0.00,0.00,451946.79,52601.95,4517019.40,118260.84,1041.22,53.48,0.00,0.00,0.00,185098838.44,10866454.95,0.00,15437356.91,6105250.15,0.00
2012-10-01,0.00,-475.78,306.82,3742.84,257.05,0.00,220.77,122.62,0.00,0.00,0.00,0.00,0.00,0.00,546521.88,56916.66,4808947.12,142093.50,1068.78,51.95,0.00,0.00,0.00,192616963.62,13244786.79,0.00,12068712.42,6196406.63,0.00
2012-11-01,0.00,-300.29,199.20,3678.22,171.35,0.00,153.24,129.60,0.00,0.00,0.00,0.00,0.00,0.00,352169.70,80782.63,4685801.35,96088.98,1118.86,97.07,0.00,0.00,0.00,294640570.37,26240449.58,0.00,43155172.11,8243752.36,0.00
2012-12-01,0.00,-387.28,191.78,3818.93,138.90,0.00,71.01,199.29,0.00,0.00,0.00,0.00,0.00,0.00,456581.24,76540.16,4872625.17,76957.54,1133.14,55.21,0.00,0.00,0.00,201868961.24,8641262.02,0.00,5960166.21,10420471.23,0.00
2013-01-01,0.00,-491.48,199.84,3969.79,191.93,0.00,178.85,179.46,0.00,0.00,0.00,0.00,0.00,0.00,573121.19,45493.93,5096849.01,107015.45,1105.91,58.18,0.00,0.00,0.00,211936195.31,14292124.49,0.00,18914002.30,9268243.94,0.00
2013-02-01,0.00,-392.55,203.57,3563.79,161.70,0.00,319.61,177.67,0.00,0.00,0.00,0.00,0.00,0.00,444388.64,42768.39,4615040.95,90021.67,1066.85,56.22,0.00,0.00,0.00,191529779.13,10943461.90,0.00,21233202.97,9185152.02,0.00
2013-03-01,0.00,-569.53,185.78,4104.04,158.94,0.00,253.90,203.01,0.00,0.00,0.00,0.00,0.00,0.00,660931.65,51876.01,5274295.63,88971.60,1096.41,55.98,0.00,0.00,0.00,216680102.79,11113196.33,0.00,18611257.76,10165772.87,0.00
2013-04-01,0.00,-686.79,208.40,3905.14,97.57,0.00,261.12,158.15,0.00,0.00,0.00,0.00,0.00,0.00,784365.75,17845.59,4970534.25,55189.05,1080.03,50.72,0.00,0.00,0.00,196214177.27,5153634.91,0.00,14285008.38,7550690.65,0.00
2013-05-01,0.00,-497.94,224.12,3975.66,106.02,0.00,323.22,213.40,0.00,0.00,0.00,18.30,16.65,14.10,561984.16,34081.27,5086606.64,60319.13,1063.20,56.32,0.00,0.00,0.00,219177075.86,6964489.16,0.00,20878278.02,10970427.75,0.00
2013-06-01,0.00,-473.44,274.10,3879.22,156.26,0.00,329.88,166.88,0.00,0.00,0.00,18.30,10.52,1.30,533971.97,83724.81,4972608.92,91901.89,1064.94,63.45,0.00,0.00,0.00,234839012.35,13716483.58,0.00,24545760.84,9554692.96,0.00
2013-07-01,0.00,-380.39,314.43,3779.14,83.68,0.00,433.82,240.90,0.00,0.00,0.00,23.80,11.67,3.00,412688.23,56041.94,4875194.47,47579.91,1021.14,59.69,0.00,0.00,0.00,222761337.06,5854776.25,0.00,27744424.55,13077172.32,0.00
2013-08-01,0.00,-434.09,315.62,3701.88,159.83,0.00,293.60,348.13,0.00,0.00,0.00,23.80,12.38,5.50,474011.52,30720.47,4782834.97,88587.59,1009.84,54.94,0.00,0.00,0.00,201276387.32,9262084.69,0.00,17082208.55,18440571.38,0.00
2013-09-01,0.00,-576.34,319.06,3314.46,331.83,0.00,292.88,253.24,0.00,0.00,0.00,24.30,14.97,3.60,616944.98,8839.70,4266131.27,183545.78,976.23,49.86,0.00,0.00,0.00,164123802.40,16621286.74,0.00,15258302.55,12029833.85,0.00
2013-10-01,0.00,-455.20,361.49,3543.65,147.23,0.00,187.16,282.67,0.00,0.00,0.00,31.60,14.60,5.80,517747.76,29603.68,4556994.32,81810.17,1020.57,49.92,0.00,0.00,0.00,175411485.07,7601604.50,0.00,9843573.63,13784454.33,0.00
2013-11-01,0.00,-515.47,237.69,3773.45,68.33,0.00,147.07,196.49,0.00,0.00,0.00,32.70,15.91,8.40,601484.78,11497.35,4801114.77,37636.65,1087.32,47.20,0.00,0.00,0.00,176919460.34,3372856.01,0.00,7356218.81,9062855.32,0.00
2013-12-01,0.00,-646.70,294.14,3831.76,64.19,0.00,247.46,166.66,0.00,0.00,0.00,39.20,18.15,8.20,750817.51,32256.46,4903393.85,36282.36,1066.61,52.78,0.00,0.00,0.00,192335125.53,6643231.95,0.00,16505954.29,7909680.81,0.00
2014-01-01,0.00,-537.71,318.93,3991.60,182.47,0.00,179.53,226.99,0.00,0.00,0.00,43.40,21.36,10.30,629651.17,79093.57,5125246.61,109083.51,1073.82,96.13,0.00,0.00,0.00,303316522.38,46548851.53,0.00,46655531.42,12752561.53,0.00
2014-02-01,0.00,-434.36,260.63,3655.65,161.78,0.00,119.09,175.35,0.00,0.00,0.00,40.70,20.68,12.30,510804.87,57394.50,4670652.26,90426.62,1093.83,50.91,0.00,0.00,0.00,180891889.94,9964068.55,0.00,6996584.29,8209490.30,0.00
2014-03-01,0.00,-475.10,205.79,3916.04,174.58,0.00,90.21,152.82,0.00,0.00,0.00,32.90,19.14,10.50,568469.56,39524.70,5049403.85,96645.08,1136.00,46.68,0.00,0.00,0.00,180495178.94,8475991.62,0.00,4638038.12,6798277.81,0.00
2014-04-01,0.00,-696.51,300.00,3771.96,233.03,0.00,62.39,180.44,0.00,0.00,0.00,33.10,16.53,6.30,831786.38,31906.88,4887350.36,128127.26,1094.59,44.47,0.00,0.00,0.00,165997998.45,10766341.49,0.00,3148630.66,7724686.74,0.00
2014-05-01,0.00,-458.96,406.47,3617.48,240.71,0.00,176.69,172.59,0.00,0.00,0.00,23.70,14.75,4.10,531174.53,56547.04,4630234.23,132639.92,1032.07,49.01,0.00,0.00,0.00,174974381.30,12234175.47,0.00,9834947.52,8192800.18,0.00
2014-06-01,0.00,-461.33,333.70,3624.74,264.74,0.00,192.85,253.25,0.00,0.00,0.00,18.70,12.39,5.60,512137.16,28423.15,4599290.17,146963.64,1012.97,50.01,0.00,0.00,0.00,177133453.34,14687312.47,0.00,11308069.40,11396493.04,0.00
2014-07-01,0.00,-579.70,264.48,3997.09,242.02,0.00,195.34,326.93,0.00,0.00,0.00,19.70,11.13,4.10,647820.03,28136.78,5147922.69,134680.90,1048.75,39.84,0.00,0.00,0.00,155077938.83,11267731.57,0.00,9280892.53,11442101.24,0.00
2014-08-01,0.00,-573.74,164.75,4040.43,160.34,0.00,205.89,170.64,0.00,0.00,0.00,21.80,11.11,1.20,675811.28,19861.37,5220944.09,90151.68,1116.80,35.70,0.00,0.00,0.00,140061464.61,6848998.01,0.00,8484751.68,5440034.59,0.00
2014-09-01,0.00,-687.48,98.99,3728.82,214.33,0.00,195.56,218.80,0.00,0.00,0.00,28.00,13.68,4.80,781953.53,17283.56,4789507.88,119565.28,1099.59,37.79,0.00,0.00,0.00,136400992.52,9396504.17,0.00,8322572.75,6708502.94,0.00
2014-10-01,0.00,-893.54,52.57,4086.09,137.44,0.00,191.90,243.10,0.00,0.00,0.00,32.30,15.71,5.90,1033921.18,11455.53,5246140.15,75809.27,1126.24,27.27,0.00,0.00,0.00,108707966.02,4115320.16,0.00,5916774.30,6047812.53,0.00
2014-11-01,0.00,-805.69,53.84,3944.84,110.21,0.00,121.38,215.57,0.00,0.00,0.00,35.00,17.29,7.90,941615.43,21765.09,5035852.39,61186.91,1147.54,29.57,0.00,0.00,0.00,113111632.67,4083105.19,0.00,4251468.69,5705947.18,0.00
2014-12-01,0.00,-951.33,41.08,4190.64,79.82,0.00,158.92,202.65,0.00,0.00,0.00,33.10,18.67,10.80,1117471.61,16403.26,5315206.82,44030.91,1144.12,27.73,0.00,0.00,0.00,111939571.17,2913592.10,0.00,5106162.55,5089671.88,0.00
2015-01-01,0.00,-939.85,59.61,4289.36,92.17,0.00,129.81,272.88,0.00,0.00,0.00,38.80,20.39,11.60,1105794.52,17305.96,5499715.99,52037.77,1143.26,27.96,0.00,0.00,0.00,113106765.21,3805309.72,0.00,4948765.79,6742074.68,0.00
2015-02-01,0.00,-744.75,36.66,3919.05,95.48,0.00,232.54,191.43,0.00,0.00,0.00,36.10,20.97,13.20,862234.37,15365.06,4991035.38,52542.39,1125.00,29.39,0.00,0.00,0.00,110000161.84,3472654.02,0.00,8492003.64,5042233.12,0.00
2015-03-01,0.00,-1004.85,34.73,4203.07,89.59,0.00,228.64,232.75,7.91,0.00,0.00,33.50,17.60,8.50,1151498.34,12517.61,5355734.59,49834.90,1125.20,26.66,0.00,0.00,0.00,108960761.55,2653948.17,0.00,7378893.05,5665231.27,214104.21
2015-04-01,0.00,-946.14,37.42,4051.92,99.81,0.00,275.60,206.97,13.91,0.00,0.00,29.00,14.61,6.40,1073948.52,6855.13,5149176.20,55466.40,1106.45,30.28,0.00,0.00,0.00,117582785.14,4013358.53,0.00,9756888.47,5612010.72,416982.38
2015-05-01,0.00,-663.97,138.03,4012.34,48.66,0.00,154.04,366.93,11.67,0.00,0.00,23.10,13.22,5.40,753438.76,9469.33,5120328.00,27425.52,1082.62,31.20,0.00,0.00,0.00,120750746.24,2145569.03,0.00,6676010.89,9681242.30,365473.49
2015-06-01,0.00,-572.87,205.32,4003.59,69.01,0.00,221.08,228.36,9.02,0.00,0.00,18.50,10.73,2.20,656208.47,25328.12,5083972.91,38431.19,1078.78,35.78,0.00,0.00,0.00,138590114.32,3127805.84,0.00,10013887.36,6893327.17,319612.73
2015-07-01,0.00,-669.11,151.75,4361.50,65.16,0.00,179.80,354.79,10.15,0.00,0.00,17.00,9.99,0.60,755720.60,14394.34,5534080.51,36887.69,1084.33,36.35,0.00,0.00,0.00,153210930.75,3389431.16,0.00,8557452.43,11055914.45,351718.11
2015-08-01,0.00,-595.15,237.45,4003.95,51.90,0.00,269.85,299.65,12.85,0.00,0.00,18.80,10.80,3.50,671647.72,34626.92,5102407.20,29904.62,1050.18,36.45,0.00,0.00,0.00,140806610.71,2664063.35,0.00,11752334.02,9479711.85,443007.78
2015-09-01,0.00,-592.41,135.98,3663.64,106.20,0.00,265.85,233.68,18.93,0.00,0.00,26.70,12.73,5.10,667153.49,33450.33,4688494.85,59927.86,1073.81,44.59,0.00,0.00,0.00,158235270.11,5927153.96,0.00,13109184.08,9345405.81,814170.95
2015-10-01,0.00,-702.79,73.25,3849.04,39.59,0.00,246.43,256.78,62.42,0.00,0.00,35.80,17.92,6.00,803902.58,48025.01,4947430.18,22346.46,1101.76,37.24,0.00,0.00,0.00,137774973.98,1802472.52,0.00,10635416.89,8328708.06,3073582.36
2015-11-01,0.00,-693.38,81.52,3740.48,68.20,0.00,186.31,238.39,201.53,0.00,0.00,33.30,17.39,8.00,794586.90,51766.95,4779527.07,37777.94,1065.77,36.88,0.00,0.00,0.00,130104162.77,4031669.55,0.00,8399552.45,8238971.73,8261513.40
2015-12-01,0.00,-603.32,138.79,3783.32,173.81,0.00,212.08,258.96,244.25,0.00,0.00,41.20,20.70,9.20,682658.30,90565.37,4830728.24,98295.61,1030.67,54.56,0.00,0.00,0.00,185852800.08,15249915.82,0.00,15626515.69,11548968.47,14380674.26
2016-01-01,0.00,-723.77,34.94,3949.06,89.99,0.00,279.85,235.81,208.86,0.00,0.00,42.20,20.56,11.90,818643.54,17126.57,5038413.52,54651.29,1053.20,60.13,0.00,0.00,0.00,188915865.08,23785882.57,0.00,26382997.25,14925893.08,16655091.20
2016-02-01,0.00,-562.69,37.83,3719.34,65.92,0.00,278.63,188.19,214.99,0.00,0.00,39.40,20.26,12.50,637548.08,21800.80,4724655.73,37941.87,1051.91,37.66,0.00,0.00,0.00,132241055.83,4422612.94,0.00,13711948.62,6379765.79,8991305.01
2016-03-01,0.00,-646.43,24.96,3954.04,133.84,0.00,312.40,190.85,179.67,0.00,0.00,38.90,19.82,9.40,736885.76,15421.55,5056865.83,78273.23,1063.71,53.95,0.00,0.00,0.00,184812248.57,14858395.21,0.00,26411977.37,8917476.39,9962837.41
2016-04-01,0.00,-720.26,23.80,3854.57,83.02,0.00,155.37,229.68,149.09,0.00,0.00,29.00,17.33,8.30,838758.83,9740.97,4962232.62,46753.42,1107.20,49.02,0.00,0.00,0.00,181200236.39,6348120.64,0.00,10291675.02,8122873.32,6786399.71
2016-05-01,0.00,-574.05,41.29,3690.12,97.24,0.00,239.89,412.36,115.44,0.00,0.00,25.70,14.73,3.60,626482.76,16241.56,4733453.08,54833.98,1038.72,59.86,0.00,0.00,0.00,208012265.26,9724057.92,0.00,21751665.69,18095524.60,6548995.76
2016-06-01,0.00,-572.54,111.15,3759.49,160.57,0.00,402.66,292.93,86.20,0.00,0.00,17.90,10.90,3.00,609421.14,20417.36,4777285.89,90516.49,1009.04,99.05,0.00,0.00,0.00,354923706.43,23189227.71,0.00,47954520.34,23311603.14,8254143.05
2016-07-01,0.00,-523.95,233.17,3659.00,96.33,0.00,409.59,412.07,99.29,0.00,0.00,18.30,11.41,3.10,549704.31,22600.63,4656160.41,55706.02,954.23,69.54,0.00,0.00,0.00,234848086.20,13761306.45,0.00,40028446.32,21263599.77,5931982.33
2016-08-01,0.00,-720.89,198.93,3957.30,43.11,0.00,437.84,318.66,77.08,0.00,0.00,21.60,11.88,3.40,774725.50,9261.18,5037416.12,25040.01,996.51,46.01,0.00,0.00,0.00,172419638.51,3839244.42,0.00,26851033.46,10824261.02,2937355.87
2016-09-01,0.00,-768.08,94.72,3753.38,47.92,0.00,449.57,252.38,86.54,0.00,0.00,23.30,13.15,7.30,823927.45,31456.97,4785367.07,28256.32,1026.74,42.82,0.00,0.00,0.00,153779292.93,2928144.07,0.00,21895011.27,9187120.81,3348294.75
2016-10-01,0.00,-948.87,237.14,3630.43,59.71,0.00,418.88,386.73,121.75,0.00,0.00,28.00,14.29,5.20,981004.05,3593.69,4627863.86,33680.09,943.25,35.57,0.00,0.00,0.00,125200905.82,2918792.74,0.00,18032883.16,10098260.22,3556646.16
2016-11-01,0.00,-879.47,118.43,3764.09,21.33,0.00,303.31,291.77,132.10,0.00,0.00,35.00,15.83,8.40,963426.08,2651.31,4808755.53,12406.34,1029.01,38.11,0.00,0.00,0.00,138494792.21,1087946.01,0.00,15055128.65,8100854.96,5416719.72
2016-12-01,0.00,-1099.73,31.14,4017.58,9.80,0.00,286.28,263.12,151.69,0.00,0.00,38.20,19.55,8.80,1235650.30,1182.18,5151409.20,5495.79,1071.74,31.76,0.00,0.00,0.00,121885208.25,419930.53,0.00,11932092.03,7328999.58,5330005.36
2017-01-01,0.00,-951.22,35.92,4025.93,123.78,0.00,158.97,252.09,151.90,0.00,0.00,37.80,20.76,11.00,1099109.38,13803.22,5166487.20,72359.75,1093.80,68.28,0.00,0.00,0.00,251367747.19,14009642.80,0.00,16159656.18,14898353.48,12512491.59
2017-02-01,0.00,-812.22,65.11,3530.05,138.68,0.00,162.18,266.55,133.15,0.00,0.00,36.00,19.82,10.00,916246.55,13175.35,4527040.71,80818.03,1063.53,94.94,0.00,0.00,0.00,308384003.19,20034493.34,0.00,21203687.73,21201361.95,14397671.11
2017-03-01,0.00,-716.47,56.85,3803.38,216.44,0.00,135.88,287.98,133.10,0.00,0.00,33.50,20.95,10.10,815805.10,30608.84,4857156.67,121337.85,1070.49,95.46,0.00,0.00,0.00,333653326.77,29544090.00,0.00,17612236.59,24411271.02,14670812.59
2017-04-01,0.00,-559.59,116.21,3084.09,421.79,0.00,58.71,207.27,87.52,0.00,0.00,28.10,16.14,8.20,585390.14,61581.49,3688264.56,238321.78,996.13,111.38,0.00,0.00,0.00,334985210.38,50342599.99,0.00,7663425.04,21075805.19,9692773.26
2017-05-01,0.00,-362.54,250.93,3104.82,263.56,0.00,354.33,254.06,71.65,0.00,0.00,20.50,12.80,5.60,363881.67,138569.83,3719019.65,148320.07,925.12,111.17,0.00,0.00,0.00,328712222.30,32761526.18,0.00,46054596.18,23591554.21,7572615.77
2017-06-01,0.00,-317.34,197.06,3304.48,324.44,0.00,354.70,158.94,59.16,0.00,0.00,19.00,10.59,3.40,324342.84,130962.82,3949637.09,179785.79,964.38,100.04,0.00,0.00,0.00,324944567.68,34225982.68,0.00,38313241.70,14711453.73,5535360.68
2017-07-01,0.00,-171.09,352.88,2830.58,419.61,0.00,322.22,422.61,69.61,0.00,0.00,18.10,10.47,0.80,157607.93,142566.62,3368883.87,236732.64,845.55,120.36,0.00,0.00,0.00,331897007.25,55658407.60,0.00,43432175.04,45765353.25,7924165.05
2017-08-01,0.00,-344.33,325.79,3272.35,301.47,0.00,230.20,370.53,88.46,0.00,0.00,20.10,10.87,3.10,339030.81,87148.91,3898302.02,171854.40,899.58,106.76,0.00,0.00,0.00,335843613.50,37511469.68,0.00,29971299.46,33224534.02,8634234.24
2017-09-01,0.00,-430.76,411.24,2974.12,194.29,0.00,123.82,475.74,107.22,0.00,0.00,30.60,13.00,3.70,413494.98,61725.25,3534158.88,107978.98,853.38,82.43,0.00,0.00,0.00,238379055.99,17969026.20,0.00,11179371.12,36261939.51,8102894.29
2017-10-01,0.00,-402.27,399.81,2866.55,197.76,0.00,209.56,303.01,142.43,0.00,0.00,30.90,15.66,6.80,390215.65,64678.51,3412540.42,110176.07,860.18,74.90,0.00,0.00,0.00,209418742.80,17193103.79,0.00,17961453.65,20101925.76,10798603.55
2017-11-01,0.00,-155.57,441.94,2548.85,451.19,0.00,158.66,243.38,156.46,0.00,0.00,35.80,19.86,6.40,154528.25,235840.31,3031898.81,272010.69,880.44,100.04,0.00,0.00,0.00,242140794.21,52142341.77,0.00,19816563.02,21772888.27,17325708.05
2017-12-01,0.00,-311.49,302.04,2968.35,252.87,0.00,118.40,288.46,168.40,0.00,0.00,37.60,19.55,10.80,317875.93,145090.54,3549806.94,143756.65,929.69,88.39,0.00,0.00,0.00,250535946.88,26055920.54,0.00,11962437.56,22756152.81,15314315.79
2018-01-01,0.00,-349.75,320.32,3253.98,231.05,0.00,250.96,282.70,172.53,0.00,0.00,41.70,21.59,12.40,354357.30,178362.60,3880642.27,134434.26,922.46,163.32,0.00,0.00,0.00,420062740.13,87573282.37,0.00,90235579.69,31734739.29,34960921.35
2018-02-01,0.00,-335.30,281.36,2947.40,162.45,0.00,132.85,310.30,153.30,0.00,0.00,37.40,21.29,12.10,341391.69,167242.32,3515952.70,91681.57,940.07,107.52,0.00,0.00,0.00,282971694.34,30720667.82,0.00,29664732.87,26105005.70,19385635.58
2018-03-01,0.00,-320.97,335.17,2936.13,143.31,0.00,162.61,356.01,150.69,0.00,0.00,35.10,19.41,9.60,320937.39,202354.73,3495236.44,80229.98,918.66,77.72,0.00,0.00,0.00,222140280.92,13417778.01,0.00,13896210.14,24792950.97,11925303.89
2018-04-01,0.00,-315.84,98.22,3053.17,156.53,0.00,251.07,227.96,107.05,0.00,0.00,29.90,16.58,6.20,313788.54,65758.71,3623719.98,88803.66,968.24,76.34,0.00,0.00,0.00,228017269.34,14000300.88,0.00,22549617.23,13792122.59,8379000.47
2018-05-01,0.00,-369.02,124.19,3214.90,205.81,0.00,345.70,406.82,74.94,0.00,0.00,24.40,13.91,5.20,350979.99,72067.54,3816240.72,116279.21,912.64,82.19,0.00,0.00,0.00,253822487.57,21095522.90,0.00,35374592.34,28358424.90,5596921.93
2018-06-01,0.00,-416.28,343.17,3236.59,258.08,0.00,347.87,313.83,73.25,0.00,0.00,19.10,10.34,3.00,405003.89,108613.88,3861114.89,151728.76,894.13,97.91,0.00,0.00,0.00,304186378.26,31832225.19,0.00,41590480.68,25171234.86,6371782.26
2018-07-01,0.00,-405.36,376.07,3298.98,112.56,0.00,270.11,555.81,87.62,0.00,0.00,19.50,11.13,2.40,382910.30,49071.10,3945641.05,66312.09,856.21,74.54,0.00,0.00,0.00,233323321.57,12596080.32,0.00,28056330.86,34433315.89,5445340.74
2018-08-01,0.00,-528.32,487.70,3185.71,160.21,0.00,308.54,497.76,120.15,0.00,0.00,20.00,10.88,0.80,490297.87,55745.02,3815963.61,93739.27,821.21,84.67,0.00,0.00,0.00,251611265.34,20527795.79,0.00,36566007.38,33609852.03,7916863.40
2018-09-01,0.00,-265.47,419.20,2648.85,216.67,0.00,210.84,389.29,166.15,0.00,0.00,24.20,12.34,3.40,245129.38,83161.15,3148304.38,125511.14,822.04,97.86,0.00,0.00,0.00,244339280.30,29525287.27,0.00,26993348.16,30377387.76,12864451.20
2018-10-01,0.00,-286.33,261.71,2763.96,168.56,0.00,189.24,372.53,203.00,0.00,0.00,28.20,16.07,4.70,272646.12,112261.40,3281752.85,98426.22,876.69,102.71,0.00,0.00,0.00,277101196.57,21456561.15,0.00,21612391.54,33572943.85,18396674.43
2018-11-01,-0.87,-221.69,332.51,2537.34,150.03,0.82,183.72,328.66,212.03,0.00,0.00,34.30,22.86,7.70,214629.25,137194.11,3012789.99,83716.88,857.07,100.02,88617.41,0.00,0.00,248568783.15,16747742.41,83437.15,20226334.58,30181927.75,19353471.37
2018-12-01,-0.47,-334.85,335.36,2921.52,136.97,0.56,152.94,305.79,260.72,0.00,0.00,38.00,0.00,10.30,339843.55,102166.24,3462315.54,79562.80,874.46,100.05,45824.98,0.00,0.00,267562433.23,21120490.94,55721.40,22746038.91,27184711.06,26238743.95
2019-01-01,-1.01,-351.27,261.54,2971.19,389.40,0.75,278.63,292.00,296.34,0.00,0.00,42.80,0.00,12.90,340775.94,112965.51,3533620.76,232335.17,855.13,356.74,132614.26,0.00,0.00,695926853.29,274877478.27,1249137.99,245639670.43,72251954.64,87383614.79
2019-02-01,-0.87,-358.61,167.29,2771.89,211.32,0.70,184.85,333.84,247.67,0.00,0.00,38.20,0.00,11.80,349374.88,75113.84,3302058.00,122102.60,885.28,118.67,66594.75,0.00,0.00,307800964.42,33997177.54,94945.50,29830663.32,32490063.87,29098836.99
2019-03-01,-1.78,-420.40,190.23,3231.87,208.74,1.49,138.95,338.30,236.16,0.00,0.00,38.10,0.00,9.10,424997.32,95856.40,3845117.27,119446.77,926.56,158.47,132666.92,0.00,0.00,429682741.33,59070983.99,587429.36,59704797.54,35646981.54,40605602.16
2019-04-01,-1.35,-256.64,276.35,2595.70,219.40,1.10,166.23,332.49,178.79,0.00,0.00,30.30,0.00,6.70,246854.11,150272.45,3092261.49,125008.08,888.56,100.98,96711.16,0.00,0.00,254373166.11,25262874.16,137509.04,20147269.39,28784843.50,16781251.32
2019-05-01,-1.90,-159.29,365.39,2679.82,311.46,1.58,163.87,457.39,127.24,0.00,0.00,22.80,0.00,6.20,151915.88,150738.92,3222749.37,175675.14,861.03,94.37,123176.91,0.00,0.00,244697424.59,33112804.14,209249.08,18572424.68,39885435.44,10752743.05
2019-06-01,-2.80,-254.90,314.87,2978.58,226.15,2.35,298.10,424.85,122.17,0.00,0.00,19.50,0.00,3.50,236842.67,99428.53,3566142.76,133275.79,866.80,107.56,211431.25,0.00,0.00,303521523.77,31789984.73,387503.91,41432751.44,35360818.58,11080462.98
2019-07-01,-3.11,-141.06,403.20,2780.22,295.57,2.60,233.73,561.18,141.03,0.00,0.00,19.40,0.00,3.00,127094.16,112310.70,3307312.43,168106.02,809.81,88.90,184500.84,0.00,0.00,236858933.48,31805834.32,294420.51,25924277.91,42706048.39,10689778.24
2019-08-01,-3.72,-121.98,447.51,2614.33,374.80,3.14,205.31,556.47,197.45,0.00,0.00,19.40,0.00,2.30,104283.90,157894.99,3113863.32,220655.48,792.86,112.40,291762.85,0.00,0.00,276158329.57,52448312.12,523571.85,37516067.02,46732286.88,15166122.34
2019-09-01,-3.41,-95.82,353.23,2378.82,322.38,2.88,173.41,435.88,245.66,0.00,0.00,26.20,0.00,3.60,84346.23,183263.67,2839244.86,193937.28,821.42,110.12,276806.14,0.00,0.00,248191134.39,45432036.86,391958.80,26149925.77,37915889.51,20588628.52
2019-10-01,-2.56,-324.36,378.73,2658.72,274.43,2.15,86.56,421.34,305.98,0.00,0.00,33.80,0.00,4.20,299324.78,158784.30,3153210.58,155320.45,833.46,104.85,207110.18,0.00,0.00,269401623.45,34645944.64,283840.42,10868837.31,35891821.85,26307615.69
2019-11-01,-2.33,-293.55,261.65,2663.50,124.31,1.86,89.18,481.21,328.02,0.00,0.00,40.90,0.00,7.60,275869.54,74728.10,3153989.67,70837.26,827.53,70.27,126912.80,0.00,0.00,180981698.79,10115744.86,148360.34,7968641.67,31307627.31,18596512.48
2019-12-01,-1.81,-443.14,281.95,2937.15,127.73,1.49,120.35,467.07,393.74,0.00,0.00,43.50,0.00,9.80,429744.80,109150.97,3507361.92,74456.79,839.54,74.62,82466.41,0.00,0.00,182825225.13,21367128.77,177169.15,21467576.58,27664781.18,24597998.77
2020-01-01,-2.13,-493.08,227.48,3109.18,140.83,1.78,193.08,443.35,345.84,0.00,0.00,42.90,0.00,11.70,478901.42,85265.81,3713823.36,83128.52,858.05,229.03,118780.76,0.00,0.00,464152399.22,129336062.91,997225.11,139508347.57,47300109.26,53874729.02
2020-02-01,-1.75,-427.65,163.62,2884.47,227.71,1.43,162.90,353.79,300.11,0.00,0.00,34.00,0.00,10.80,414653.94,48754.89,3449644.31,127251.31,876.21,50.99,70614.96,0.00,0.00,139532564.98,11543540.78,92742.67,11275585.75,16032770.32,14266743.20
2020-03-01,-1.85,-416.97,257.32,2903.09,127.52,1.51,93.78,509.25,297.13,0.00,0.00,32.10,0.00,8.50,395639.65,65520.24,3454117.38,71218.32,847.36,44.83,66696.22,0.00,0.00,124169482.91,6899619.88,82040.55,5706367.11,20171437.52,11629507.59
2020-04-01,-1.77,-446.63,342.80,2774.57,64.86,1.38,128.87,449.00,210.27,0.00,0.00,23.50,0.00,7.10,425549.51,51933.18,3298343.41,37431.33,840.72,37.01,41388.53,0.00,0.00,95751367.57,3822378.55,67215.06,7495876.53,11622953.08,5712002.11
2020-05-01,-1.85,-434.61,298.62,2828.13,118.78,1.43,380.20,564.37,203.83,0.00,0.00,21.10,0.00,4.50,377593.79,36203.98,3341046.33,69031.29,775.13,40.46,50985.22,0.00,0.00,106930068.81,7508412.22,74105.74,19584211.44,17416380.23,6462405.14
2020-06-01,-2.16,-389.96,300.58,3195.87,112.97,1.75,330.42,414.65,164.49,0.00,0.00,18.40,0.00,1.70,365189.42,68167.12,3799762.23,66279.56,864.46,53.15,75078.75,0.00,0.00,159323675.41,11395182.89,200041.67,25358550.15,14478193.20,6985967.12
2020-07-01,-2.73,-148.78,412.43,2866.18,257.77,2.30,333.35,448.03,172.25,0.00,0.00,17.40,0.00,3.10,133909.60,174600.59,3404664.36,150924.41,828.49,66.43,137844.76,0.00,0.00,181301010.58,21826957.13,224935.88,28637949.01,22855145.04,9871682.25
2020-08-01,-2.58,-360.02,358.39,2932.10,168.43,2.11,172.28,691.12,220.55,0.00,0.00,20.70,0.00,3.30,318949.84,148372.54,3455826.32,99263.45,809.23,57.58,99301.35,0.00,0.00,158097187.28,14961867.86,192258.63,15156563.35,32634959.07,8879047.08
2020-09-01,-2.68,-443.36,257.36,2674.32,62.89,2.17,120.96,675.81,298.29,0.00,0.00,26.30,0.00,4.30,386843.66,47470.10,3175950.46,37358.83,788.30,37.22,55876.18,0.00,0.00,93331374.05,4062455.59,113650.69,6716999.41,20833727.57,6653595.06
2020-10-01,-3.04,-390.35,249.20,2486.23,92.23,2.56,252.87,633.14,341.88,0.00,0.00,29.50,0.00,6.30,321561.29,53979.25,2971569.72,55234.74,752.92,48.11,93502.34,0.00,0.00,113540751.47,7617696.75,206103.49,16236532.24,21538804.12,11349813.27
2020-11-01,-2.85,-423.31,234.72,2629.02,68.49,2.43,146.68,579.58,436.99,0.00,0.00,36.00,0.00,8.40,371696.50,69329.90,3104555.24,38901.52,773.77,46.76,87106.92,0.00,0.00,117930030.68,4916429.90,159731.55,10305603.65,22485491.07,15481317.37
2020-12-01,-2.88,-641.08,144.15,2950.83,25.17,2.30,92.41,647.69,495.53,0.00,0.00,33.70,17.43,9.00,577892.03,23295.25,3505680.43,14143.94,798.36,26.76,24376.91,0.00,0.00,77675141.85,1217033.38,78738.31,4774786.82,11463464.83,7336638.75
2021-01-01,-2.55,-710.39,82.84,3100.65,30.12,1.99,214.40,672.87,495.04,0.00,0.00,39.20,19.81,10.30,634657.85,18571.41,3702980.81,17487.15,799.07,25.60,26433.48,0.00,0.00,75784827.55,1571424.03,66935.35,9270786.06,12681466.15,7057075.67
2021-02-01,-1.83,-675.85,75.69,2947.62,10.49,1.51,212.37,525.29,440.06,0.00,0.00,25.90,19.50,13.40,623428.09,10413.90,3516527.88,6406.21,823.09,24.03,15700.60,0.00,0.00,68925624.85,416642.52,45880.62,8030622.35,10200692.34,6060882.56
2021-03-01,-1.94,-703.32,114.56,3131.24,13.58,1.51,314.25,512.68,395.38,0.00,0.00,29.80,17.40,8.90,638444.32,9721.15,3727398.09,8326.16,822.41,31.78,45891.48,0.00,0.00,95914003.97,747085.95,70629.37,13057143.59,14612536.76,8055300.94
2021-04-01,-2.32,-427.07,258.51,2744.47,44.77,1.92,249.99,510.64,323.40,0.00,0.00,31.60,15.54,7.20,377132.48,46890.91,3256187.31,30678.83,798.16,54.92,59191.34,0.00,0.00,136746830.58,6122015.17,215650.24,23245539.29,16680183.27,8405164.74
2021-05-01,-2.37,-442.12,258.17,2920.00,101.62,1.97,237.83,702.95,249.33,0.00,0.00,25.80,12.78,1.90,383401.69,61041.82,3468421.89,67209.64,797.86,80.07,59008.13,0.00,0.00,203956616.60,22244287.60,258113.68,41001900.45,29513209.29,8141388.19
2021-06-01,-2.54,-425.95,266.39,2736.73,303.18,2.13,356.33,679.84,183.72,0.00,0.00,19.30,11.50,3.80,349567.74,55630.13,3214265.73,182426.11,756.80,91.82,140055.14,0.00,0.00,234479467.64,39457552.50,320309.65,41464528.48,44524952.49,14214698.87
2021-07-01,-2.61,-524.92,280.76,3165.39,142.24,2.17,280.72,922.50,203.94,0.00,0.00,17.80,10.72,2.30,439987.97,42947.71,3767342.77,81997.83,772.29,102.39,107250.02,0.00,0.00,298411850.63,29655820.81,298266.66,50670656.51,48592772.66,14591754.50
2021-08-01,-2.98,-416.48,371.62,2678.90,149.38,2.43,178.34,866.23,310.72,0.00,0.00,22.00,12.18,4.80,335032.47,51121.00,3186058.86,85986.79,722.09,53.50,70656.57,0.00,0.00,134402090.81,15606662.90,213400.13,18220965.77,28841918.99,3016806.64
2021-09-01,-2.18,-426.67,331.56,2369.65,41.86,1.69,191.32,788.06,426.95,0.00,0.00,26.40,13.49,4.50,329798.31,37276.95,2812305.43,24275.30,683.48,33.56,10972.70,0.00,0.00,77694586.76,3538850.58,128658.32,12941867.15,13542390.85,-571802.52
2021-10-01,-5.09,-493.79,250.90,2591.48,22.40,4.41,164.26,665.49,541.99,0.00,0.00,27.70,14.42,5.70,414031.83,25042.42,3062033.39,13170.13,717.84,22.84,52968.46,0.00,0.00,61350860.64,1605078.74,239615.30,11176356.84,5264028.25,-5673804.50
2021-11-01,-12.04,-527.04,258.07,2388.11,15.82,9.47,261.79,704.36,528.17,0.00,0.00,30.60,16.02,7.60,413250.39,22842.78,2818639.06,9126.16,672.06,39.08,181001.06,0.00,0.00,93453042.06,981037.04,480061.95,18871520.96,15785808.47,8799914.58
2021-12-01,-6.97,-737.44,150.15,2738.27,20.18,4.58,165.82,761.48,677.76,0.00,0.00,37.30,18.43,10.10,610226.89,17343.83,3236964.31,11785.99,703.76,38.28,23501.55,0.00,0.00,102822817.62,1995874.73,289088.71,12808585.14,20728489.41,4502818.25
2022-01-01,-7.06,-634.13,152.34,3065.88,88.96,4.90,193.79,776.33,641.55,0.00,0.00,36.90,22.82,13.00,548668.76,51806.90,3645601.65,51446.79,747.26,74.20,134676.05,0.00,0.00,195479007.24,20110639.33,760105.58,32359610.73,37679440.76,36387345.78
2022-02-01,-8.27,-487.05,144.00,2459.18,85.85,5.93,109.03,668.76,587.10,0.00,0.00,31.90,20.00,11.80,404598.76,52802.37,2895083.50,49184.29,727.30,58.98,60209.07,0.00,0.00,144445357.37,8799385.14,518261.90,10713307.96,31845559.74,15286821.00
2022-03-01,-8.87,-588.25,115.81,2998.41,87.97,6.95,160.24,663.60,494.86,0.00,0.00,32.10,19.33,11.20,518807.44,28183.48,3570008.42,50934.47,796.37,59.96,80034.86,0.00,0.00,181014241.52,9334763.89,629665.25,16534704.73,26885528.19,14291484.41
2022-04-01,-17.10,-540.28,164.30,2579.83,279.61,14.49,147.83,617.07,340.48,0.00,0.00,27.80,16.61,7.70,457072.19,34842.68,3049170.27,162754.65,777.89,150.42,1346477.64,0.00,0.00,371394059.96,59199283.56,3075096.62,30419627.67,73337494.53,30192363.35
2022-05-01,-18.48,-525.93,234.74,2843.47,267.68,16.23,388.87,652.82,278.13,0.00,0.00,21.50,12.62,4.70,432486.51,20872.49,3382859.17,178843.97,761.35,245.39,2574058.17,0.00,0.00,676981176.29,80425781.56,4809299.49,115666969.21,123798664.34,51018788.86
2022-06-01,-19.54,-566.20,227.09,2667.19,326.76,15.95,368.75,1088.66,206.39,0.00,0.00,17.50,10.85,4.50,418416.60,22901.06,3165782.47,204439.80,689.38,315.37,3657256.86,0.00,0.00,797690142.19,140815989.90,7764620.98,151212999.54,269741687.49,51314739.81
2022-07-01,-23.18,-356.47,228.16,2760.28,334.48,20.04,334.61,909.86,295.81,0.00,0.00,18.30,9.72,0.90,273893.27,69898.70,3278136.43,207093.72,728.59,365.11,4663135.33,0.00,0.00,939841309.68,178621317.80,9670463.59,168201041.87,236229407.01,74422691.01
2022-08-01,-21.15,-460.12,159.79,2561.14,241.19,17.70,392.78,1092.47,337.30,0.00,0.00,20.50,11.72,2.80,321831.82,47773.68,3050146.63,139608.62,674.76,133.04,1160164.90,0.00,0.00,326469919.86,56789061.13,3798386.02,77995159.34,85887573.92,22389461.30
2022-09-01,-17.37,-588.09,146.16,2591.50,108.79,14.75,375.98,889.78,426.22,0.00,0.00,20.60,12.58,3.60,441388.75,28479.50,3080518.92,62523.07,691.57,123.09,677713.53,0.00,0.00,310151787.76,22475090.38,3027484.65,67748350.45,78616103.85,20459401.91
2022-10-01,-16.09,-570.67,188.55,2538.12,63.37,13.33,318.80,796.67,498.93,0.00,0.00,26.00,14.69,5.40,434595.61,42485.87,3013965.91,35730.88,693.71,109.79,368598.00,0.00,0.00,277976763.57,12150997.97,2355337.87,48750540.92,57382553.70,13460597.66
2022-11-01,-7.56,-391.03,196.14,2231.88,26.66,5.94,277.05,786.40,592.85,0.00,0.00,29.00,15.69,7.10,292207.39,44393.89,2648951.99,16904.94,650.31,65.65,138219.65,0.00,0.00,147961281.66,4138667.05,569123.89,28722573.95,28696733.02,7672297.61
2022-12-01,-8.79,-714.04,173.83,2665.46,22.73,7.16,159.13,811.35,753.78,0.00,0.00,36.90,18.34,8.10,572263.50,33139.92,3157349.85,13043.51,679.81,38.90,-118123.06,0.00,0.00,107018534.76,2513442.88,632240.39,14700518.48,19084985.45,-10362080.24
2023-01-01,-9.21,-636.79,146.24,2882.90,42.80,6.50,154.78,738.64,745.86,0.00,0.00,37.20,20.73,13.30,535341.01,44267.37,3436439.11,23707.15,729.19,56.65,-36730.88,0.00,0.00,164942423.57,5444723.65,605006.33,17781101.44,28314252.45,8018099.76
2023-02-01,-9.09,-531.09,153.03,2410.35,47.49,7.48,180.40,779.79,638.23,0.00,0.00,39.60,19.54,11.60,418676.60,55909.61,2855125.85,27279.49,685.32,69.76,66952.24,0.00,0.00,160505183.74,10715227.59,849243.45,27317184.21,40354966.92,9739612.19
2023-03-01,-8.59,-516.97,178.07,2598.98,70.57,6.49,183.80,771.57,540.29,0.00,0.00,35.70,18.07,10.90,413317.89,42155.10,3092562.58,42418.07,722.72,68.72,227273.01,0.00,0.00,179191425.29,10318876.89,572705.53,23023587.80,30953126.22,3441240.99
2023-04-01,-12.00,-538.35,230.59,2538.78,80.72,10.13,136.13,703.47,433.20,0.00,0.00,25.90,15.41,5.10,433468.88,30658.62,3018786.21,46316.40,743.10,92.10,470723.09,0.00,0.00,229379482.65,14579332.96,1477039.88,21881376.68,36067951.52,15712892.96
2023-05-01,-20.19,-559.45,235.52,2991.33,105.57,17.25,194.30,923.75,320.77,0.00,0.00,21.80,12.42,4.70,449178.83,39314.81,3568976.50,61380.13,765.17,136.09,1474439.56,0.00,0.00,391752679.06,25768217.92,3365272.71,42631727.19,80035450.72,26819427.53
2023-06-01,-21.26,-684.48,251.42,2725.91,61.09,17.55,259.12,1361.29,243.17,0.00,0.00,19.50,11.85,4.30,483419.67,23710.33,3250235.35,36602.32,670.92,64.00,488721.08,0.00,0.00,168966021.15,10744074.43,1920084.70,30300974.37,39590822.06,7453367.07
2023-07-01,-23.37,-749.22,290.60,2848.31,72.39,19.49,358.11,1250.06,302.55,0.00,0.00,18.80,11.73,4.20,531367.40,23344.17,3382645.56,42531.47,667.70,64.21,351617.88,0.00,0.00,179005274.10,13014159.82,2372739.51,40267177.54,31858234.90,5349484.32
2023-08-01,-24.63,-658.55,248.38,2983.65,65.07,20.25,276.68,952.01,380.53,0.00,0.00,19.60,11.97,1.70,519057.03,22066.43,3536291.75,37930.17,725.18,75.63,416048.65,0.00,0.00,213622771.22,15492352.24,3976416.51,40986853.56,28672486.62,5972181.33
2023-09-01,-21.42,-594.77,256.52,2403.91,42.58,18.24,196.96,874.34,543.74,0.00,0.00,29.20,14.75,3.90,442387.62,29441.39,2839961.17,24382.04,658.96,37.66,-641435.58,0.00,0.00,87447422.40,5874287.76,1704669.84,19277405.04,13228614.93,-16422837.55
2023-10-01,-18.44,-630.41,213.46,2453.42,6.64,14.91,194.10,1003.33,613.80,0.00,0.00,29.00,14.55,5.90,469125.52,34220.19,2910688.86,3932.15,643.95,24.34,-527074.16,0.00,0.00,64106915.84,758411.60,924527.58,12471773.74,10824043.96,-14551005.39
2023-11-01,-15.05,-611.26,167.68,2445.03,27.24,12.18,161.19,773.04,699.07,0.00,0.00,33.10,17.06,9.60,478324.34,45491.97,2898684.76,15526.15,678.13,43.71,-217250.40,0.00,0.00,108221064.87,2779269.12,878286.91,15357469.23,24383492.00,-11170284.84
2023-12-01,-12.95,-687.81,180.48,2398.69,29.71,10.38,156.20,944.61,718.72,0.00,0.00,33.70,18.95,12.20,517540.40,50967.18,2834822.74,16459.99,637.96,37.32,-472770.99,0.00,0.00,87266997.53,3210281.82,750982.41,13592920.22,25932609.85,-10726847.66
2024-01-01,-11.99,-716.96,134.78,2718.28,8.67,9.04,166.24,803.39,788.22,0.00,0.00,33.40,20.41,12.30,584556.68,35577.33,3237045.88,5003.85,690.59,31.17,-480455.09,0.00,0.00,85617210.09,648295.92,594022.56,12200607.51,19307203.58,-8470538.87
2024-02-01,-15.26,-607.02,141.33,2557.73,73.09,12.08,216.37,727.15,785.91,0.00,0.00,37.30,20.74,11.90,492808.30,41495.39,3025018.39,42622.78,672.34,117.77,-104007.87,0.00,0.00,176093104.98,52162260.48,2236614.08,70014363.55,66212127.83,93957067.30
2024-03-01,-15.35,-625.84,131.88,2751.05,33.85,12.45,206.73,767.27,710.37,0.00,0.00,37.20,19.55,9.60,511794.20,40189.92,3264214.44,19740.26,707.97,62.66,-54509.42,0.00,0.00,164522521.12,6110367.12,1480444.78,23489925.67,37317272.56,17901966.81
2024-04-01,-22.16,-425.92,288.53,2591.34,43.94,18.33,163.41,639.91,453.80,0.00,0.00,28.00,14.73,7.00,362052.89,89037.17,3088400.73,25030.66,757.20,92.30,681999.69,0.00,0.00,227119048.40,7457516.63,2925530.87,23909110.03,42096126.82,13424009.87
2024-05-01,-24.53,-454.79,198.91,2950.53,238.92,19.69,235.24,655.77,404.53,0.00,0.00,20.30,12.48,5.20,380594.00,79672.71,3482873.94,139138.16,786.19,142.84,1846363.56,0.00,0.00,409026098.86,48914481.14,3975640.25,45843586.96,55945043.62,30850505.21
2024-06-01,-26.24,-465.32,200.98,3077.78,341.58,21.52,258.91,757.33,291.94,0.00,0.00,16.70,10.28,1.40,379798.90,68055.96,3640433.03,207456.43,793.13,176.71,2790150.09,0.00,0.00,516952604.99,84758307.10,5001626.16,59613885.08,84289858.94,36138703.55
2024-07-01,-32.81,-531.96,220.48,3107.36,301.18,26.66,323.68,1055.97,314.21,0.00,0.00,17.70,9.98,1.10,408275.09,81078.33,3691291.19,175056.88,739.67,162.78,2762019.75,0.00,0.00,475569932.66,76813046.25,7728374.00,77556131.44,101670651.89,32438405.99
2024-08-01,-32.99,-610.30,253.53,2594.17,121.83,26.57,208.15,1222.84,451.82,121.60,9.60,23.40,13.64,3.30,427992.16,54047.40,3099949.23,73256.54,660.88,184.88,1401262.51,0.00,0.00,433719837.84,65919752.17,16223981.29,83467947.57,56624034.99,14217006.47
2024-09-01,-25.53,-678.36,258.19,2473.50,14.83,20.25,147.08,1222.37,539.65,198.01,47.71,24.70,13.57,5.20,499230.21,17845.66,2943033.65,8323.65,621.85,25.96,-394127.38,0.00,0.00,70833299.58,1893469.93,1396284.19,13608584.04,8677222.06,-13431080.02
2024-10-01,-34.25,-531.78,226.47,2143.20,13.92,27.22,217.51,993.29,814.24,151.41,65.25,29.80,15.74,4.70,378569.21,34323.45,2550214.97,8833.73,572.33,32.52,-611034.12,0.00,0.00,77103864.85,1966920.65,1914493.65,20442534.33,18101252.07,-27078577.45
2024-11-01,-21.84,-476.42,183.61,2245.36,69.55,16.91,273.24,749.35,834.82,117.85,57.37,36.80,18.86,7.60,360229.20,42707.29,2665697.84,41172.12,616.67,77.29,-46141.22,0.00,0.00,176613156.79,10416991.06,1771529.75,34160700.14,38282653.62,6981386.12
2024-12-01,-25.87,-593.91,239.68,2239.93,65.97,20.39,178.75,859.25,1001.43,171.62,78.05,39.10,20.18,11.00,449583.67,52522.89,2658722.20,38395.51,577.09,68.25,-437110.20,0.00,0.00,149614884.39,11280535.78,2055972.72,25630441.89,43960992.66,-3428573.24
2025-01-01,-30.19,-617.26,209.96,2466.26,38.63,24.34,177.25,915.41,990.63,125.69,65.97,39.30,21.13,11.40,471598.25,74757.70,2919033.15,23040.25,609.63,62.67,-549228.56,0.00,0.00,149500107.06,5417879.68,2583626.15,21985737.45,44166351.89,-356843.91
2025-02-01,-28.31,-556.74,155.80,2231.94,75.57,22.53,209.25,1024.99,878.86,99.94,26.89,38.50,21.50,9.90,392081.61,60921.18,2647711.79,43773.36,588.04,89.14,251374.27,0.00,0.00,188284580.32,18699560.93,4643219.10,36471199.53,56152489.54,21738836.83
2025-03-01,-29.34,-668.80,161.00,2709.49,42.60,22.29,221.64,925.25,808.08,66.09,25.28,34.60,20.14,10.90,513278.89,46316.34,3222173.60,24316.13,663.02,71.24,259693.33,0.00,0.00,196156513.33,5933713.77,2851332.24,25808469.04,42127494.62,18099457.44
2025-04-01,-33.27,-754.56,122.46,2743.39,20.79,27.32,211.35,819.18,590.09,71.69,15.81,31.30,17.70,7.60,610220.40,26603.25,3267133.50,13518.36,719.83,83.68,504627.48,0.00,0.00,231918145.29,3598656.43,3938949.08,26562589.10,44715181.74,10960577.93
2025-05-01,-42.70,-625.20,197.75,2821.46,100.46,35.70,296.94,938.32,512.53,111.88,12.37,26.30,13.39,2.30,464644.45,60311.95,3341623.16,56408.48,706.85,88.73,1912201.68,0.00,0.00,252381258.36,16388339.68,5163376.42,41438139.42,34137432.89,17333059.14
2025-06-01,-57.38,-533.24,257.00,2705.38,383.39,47.89,266.42,1195.52,358.98,60.34,4.14,20.00,10.55,3.80,360276.71,73967.09,3183490.77,237159.24,677.85,315.60,5960931.55,0.00,0.00,716917648.61,237530937.46,41629121.44,153676705.96,102819934.07,40632764.54
2025-07-01,-54.72,-509.39,164.57,3023.90,144.49,45.82,142.95,1516.02,395.18,82.96,4.30,17.70,10.78,3.30,351291.75,53774.97,3592268.44,83985.34,693.96,91.03,2809155.17,0.00,0.00,274789989.12,26974950.83,8281895.18,24425039.06,80253797.81,19014691.94
2025-08-01,-66.45,-401.70,238.22,2767.59,139.32,54.96,187.41,1188.55,588.45,80.33,13.01,20.00,10.92,1.70,279812.91,68852.36,3298720.63,81475.13,674.83,104.88,3259228.97,0.00,0.00,282994815.26,30073657.91,10481777.23,34250122.22,72210172.40,24971684.29
2025-09-01,-62.39,-459.87,212.97,1976.88,94.70,52.18,173.29,1481.63,670.66,312.84,49.22,23.90,14.00,4.00,267818.66,30598.06,2330070.65,55222.07,518.85,67.28,774739.09,0.00,0.00,136303759.90,17437345.88,7069166.28,22983561.47,56728380.49,4316282.36
2025-10-01,-69.12,-403.96,243.67,1969.23,75.21,56.89,176.26,1198.34,847.43,337.12,61.43,29.60,15.27,5.20,248615.09,48140.39,2358672.75,43038.93,537.68,59.81,261607.41,0.00,0.00,124605475.93,11092201.27,7149525.08,24205682.78,37894198.34,5005908.98
2025-11-01,-70.28,-430.84,232.83,2075.16,25.66,56.60,109.20,1055.77,888.29,361.41,68.43,32.10,15.36,7.20,299971.41,37901.95,2474006.42,14706.16,564.80,37.54,-983715.29,0.00,0.00,87097065.41,2910566.81,4932109.08,11469064.75,24648561.87,-10243928.63
2025-12-01,-89.97,-502.29,196.21,2170.78,44.00,77.54,142.78,960.87,1079.85,321.42,125.56,37.30,18.06,9.70,351901.50,51718.60,2576208.55,25207.05,564.06,39.53,-1623738.25,0.00,0.00,82022716.99,6071095.43,6218673.48,14710529.74,26318777.93,-8593866.20
2026-01-01,-83.40,-520.04,102.03,2441.92,46.16,68.58,164.66,1082.59,1141.88,234.82,121.03,42.60,21.14,11.10,369382.11,25864.55,2900591.68,27023.11,581.43,53.95,-22283.06,0.00,0.00,120298027.26,10758034.75,7568472.89,22539759.15,37850166.11,17482254.94